-- phpMyAdmin SQL Dump
-- version 5.1.1
-- https://www.phpmyadmin.net/
--
-- Servidor: 127.0.0.1
-- Tiempo de generación: 31-03-2022 a las 01:44:50
-- Versión del servidor: 10.4.22-MariaDB
-- Versión de PHP: 8.1.2

SET SQL_MODE = "NO_AUTO_VALUE_ON_ZERO";
START TRANSACTION;
SET time_zone = "+00:00";


/*!40101 SET @OLD_CHARACTER_SET_CLIENT=@@CHARACTER_SET_CLIENT */;
/*!40101 SET @OLD_CHARACTER_SET_RESULTS=@@CHARACTER_SET_RESULTS */;
/*!40101 SET @OLD_COLLATION_CONNECTION=@@COLLATION_CONNECTION */;
/*!40101 SET NAMES utf8mb4 */;

--
-- Base de datos: `covid`
--
CREATE DATABASE IF NOT EXISTS `covid` DEFAULT CHARACTER SET utf8mb4 COLLATE utf8mb4_general_ci;
USE `covid`;

-- --------------------------------------------------------

--
-- Estructura de tabla para la tabla `country`
--

CREATE TABLE `country` (
  `id_country` char(2) NOT NULL,
  `name` varchar(45) NOT NULL,
  `id_region_region` char(5) DEFAULT NULL
) ENGINE=InnoDB DEFAULT CHARSET=utf8mb4;

--
-- Volcado de datos para la tabla `country`
--

INSERT INTO `country` (`id_country`, `name`, `id_region_region`) VALUES
('AD', 'Andorra', 'EURO'),
('AE', 'United Arab Emirates', 'EMRO'),
('AF', 'Afghanistan', 'EMRO'),
('AG', 'Antigua and Barbuda', 'AMRO'),
('AI', 'Anguilla', 'AMRO'),
('AL', 'Albania', 'EURO'),
('AM', 'Armenia', 'EURO'),
('AO', 'Angola', 'AFRO'),
('AR', 'Argentina', 'AMRO'),
('AS', 'American Samoa', 'WPRO'),
('AT', 'Austria', 'EURO'),
('AU', 'Australia', 'WPRO'),
('AW', 'Aruba', 'AMRO'),
('AZ', 'Azerbaijan', 'EURO'),
('BA', 'Bosnia and Herzegovina', 'EURO'),
('BB', 'Barbados', 'AMRO'),
('BD', 'Bangladesh', 'SEARO'),
('BE', 'Belgium', 'EURO'),
('BF', 'Burkina Faso', 'AFRO'),
('BG', 'Bulgaria', 'EURO'),
('BH', 'Bahrain', 'EMRO'),
('BI', 'Burundi', 'AFRO'),
('BJ', 'Benin', 'AFRO'),
('BL', 'Saint Barthélemy', 'AMRO'),
('BM', 'Bermuda', 'AMRO'),
('BN', 'Brunei Darussalam', 'WPRO'),
('BO', 'Bolivia (Plurinational State of)', 'AMRO'),
('BR', 'Brazil', 'AMRO'),
('BS', 'Bahamas', 'AMRO'),
('BT', 'Bhutan', 'SEARO'),
('BW', 'Botswana', 'AFRO'),
('BY', 'Belarus', 'EURO'),
('BZ', 'Belize', 'AMRO'),
('CA', 'Canada', 'AMRO'),
('CD', 'Democratic Republic of the Congo', 'AFRO'),
('CF', 'Central African Republic', 'AFRO'),
('CG', 'Congo', 'AFRO'),
('CH', 'Switzerland', 'EURO'),
('CI', 'Côte d’Ivoire', 'AFRO'),
('CK', 'Cook Islands', 'WPRO'),
('CL', 'Chile', 'AMRO'),
('CM', 'Cameroon', 'AFRO'),
('CN', 'China', 'WPRO'),
('CO', 'Colombia', 'AMRO'),
('CR', 'Costa Rica', 'AMRO'),
('CU', 'Cuba', 'AMRO'),
('CV', 'Cabo Verde', 'AFRO'),
('CW', 'Curaçao', 'AMRO'),
('CY', 'Cyprus', 'EURO'),
('CZ', 'Czechia', 'EURO'),
('DE', 'Germany', 'EURO'),
('DJ', 'Djibouti', 'EMRO'),
('DK', 'Denmark', 'EURO'),
('DM', 'Dominica', 'AMRO'),
('DO', 'Dominican Republic', 'AMRO'),
('DZ', 'Algeria', 'AFRO'),
('EC', 'Ecuador', 'AMRO'),
('EE', 'Estonia', 'EURO'),
('EG', 'Egypt', 'EMRO'),
('ER', 'Eritrea', 'AFRO'),
('ES', 'Spain', 'EURO'),
('ET', 'Ethiopia', 'AFRO'),
('FI', 'Finland', 'EURO'),
('FJ', 'Fiji', 'WPRO'),
('FK', 'Falkland Islands (Malvinas)', 'AMRO'),
('FM', 'Micronesia (Federated States of)', 'WPRO'),
('FO', 'Faroe Islands', 'EURO'),
('FR', 'France', 'EURO'),
('GA', 'Gabon', 'AFRO'),
('GB', 'The United Kingdom', 'EURO'),
('GD', 'Grenada', 'AMRO'),
('GE', 'Georgia', 'EURO'),
('GF', 'French Guiana', 'AMRO'),
('GG', 'Guernsey', 'EURO'),
('GH', 'Ghana', 'AFRO'),
('GI', 'Gibraltar', 'EURO'),
('GL', 'Greenland', 'EURO'),
('GM', 'Gambia', 'AFRO'),
('GN', 'Guinea', 'AFRO'),
('GP', 'Guadeloupe', 'AMRO'),
('GQ', 'Equatorial Guinea', 'AFRO'),
('GR', 'Greece', 'EURO'),
('GT', 'Guatemala', 'AMRO'),
('GU', 'Guam', 'WPRO'),
('GW', 'Guinea-Bissau', 'AFRO'),
('GY', 'Guyana', 'AMRO'),
('HN', 'Honduras', 'AMRO'),
('HR', 'Croatia', 'EURO'),
('HT', 'Haiti', 'AMRO'),
('HU', 'Hungary', 'EURO'),
('ID', 'Indonesia', 'SEARO'),
('IE', 'Ireland', 'EURO'),
('IL', 'Israel', 'EURO'),
('IM', 'Isle of Man', 'EURO'),
('IN', 'India', 'SEARO'),
('IQ', 'Iraq', 'EMRO'),
('IR', 'Iran', 'EMRO'),
('IS', 'Iceland', 'EURO'),
('IT', 'Italy', 'EURO'),
('JE', 'Jersey', 'EURO'),
('JM', 'Jamaica', 'AMRO'),
('JO', 'Jordan', 'EMRO'),
('JP', 'Japan', 'WPRO'),
('KE', 'Kenya', 'AFRO'),
('KG', 'Kyrgyzstan', 'EURO'),
('KH', 'Cambodia', 'WPRO'),
('KI', 'Kiribati', 'WPRO'),
('KM', 'Comoros', 'AFRO'),
('KN', 'Saint Kitts and Nevis', 'AMRO'),
('KP', 'Democratic People\'s Republic of Korea', 'SEARO'),
('KR', 'Republic of Korea', 'WPRO'),
('KW', 'Kuwait', 'EMRO'),
('KY', 'Cayman Islands', 'AMRO'),
('KZ', 'Kazakhstan', 'EURO'),
('LA', 'Lao People\'s Democratic Republic', 'WPRO'),
('LB', 'Lebanon', 'EMRO'),
('LC', 'Saint Lucia', 'AMRO'),
('LI', 'Liechtenstein', 'EURO'),
('LK', 'Sri Lanka', 'SEARO'),
('LR', 'Liberia', 'AFRO'),
('LS', 'Lesotho', 'AFRO'),
('LT', 'Lithuania', 'EURO'),
('LU', 'Luxembourg', 'EURO'),
('LV', 'Latvia', 'EURO'),
('LY', 'Libya', 'EMRO'),
('MA', 'Morocco', 'EMRO'),
('MC', 'Monaco', 'EURO'),
('MD', 'Republic of Moldova', 'EURO'),
('ME', 'Montenegro', 'EURO'),
('MF', 'Saint Martin', 'AMRO'),
('MG', 'Madagascar', 'AFRO'),
('MH', 'Marshall Islands', 'WPRO'),
('MK', 'North Macedonia', 'EURO'),
('ML', 'Mali', 'AFRO'),
('MM', 'Myanmar', 'SEARO'),
('MN', 'Mongolia', 'WPRO'),
('MP', 'Northern Mariana Islands', 'WPRO'),
('MQ', 'Martinique', 'AMRO'),
('MR', 'Mauritania', 'AFRO'),
('MS', 'Montserrat', 'AMRO'),
('MT', 'Malta', 'EURO'),
('MU', 'Mauritius', 'AFRO'),
('MV', 'Maldives', 'SEARO'),
('MW', 'Malawi', 'AFRO'),
('MX', 'Mexico', 'AMRO'),
('MY', 'Malaysia', 'WPRO'),
('MZ', 'Mozambique', 'AFRO'),
('NA', 'Namibia', 'AFRO'),
('NC', 'New Caledonia', 'WPRO'),
('NE', 'Niger', 'AFRO'),
('NG', 'Nigeria', 'AFRO'),
('NI', 'Nicaragua', 'AMRO'),
('NL', 'Netherlands', 'EURO'),
('NO', 'Norway', 'EURO'),
('NP', 'Nepal', 'SEARO'),
('NR', 'Nauru', 'WPRO'),
('NU', 'Niue', 'WPRO'),
('NZ', 'New Zealand', 'WPRO'),
('OM', 'Oman', 'EMRO'),
('PA', 'Panama', 'AMRO'),
('PE', 'Peru', 'AMRO'),
('PF', 'French Polynesia', 'WPRO'),
('PG', 'Papua New Guinea', 'WPRO'),
('PH', 'Philippines', 'WPRO'),
('PK', 'Pakistan', 'EMRO'),
('PL', 'Poland', 'EURO'),
('PM', 'Saint Pierre and Miquelon', 'AMRO'),
('PN', 'Pitcairn Islands', 'WPRO'),
('PR', 'Puerto Rico', 'AMRO'),
('PS', 'Palestina', 'EMRO'),
('PT', 'Portugal', 'EURO'),
('PW', 'Palau', 'WPRO'),
('PY', 'Paraguay', 'AMRO'),
('QA', 'Qatar', 'EMRO'),
('RE', 'Réunion', 'AFRO'),
('RO', 'Romania', 'EURO'),
('RS', 'Serbia', 'EURO'),
('RU', 'Russian Federation', 'EURO'),
('RW', 'Rwanda', 'AFRO'),
('SA', 'Saudi Arabia', 'EMRO'),
('SB', 'Solomon Islands', 'WPRO'),
('SC', 'Seychelles', 'AFRO'),
('SD', 'Sudan', 'EMRO'),
('SE', 'Sweden', 'EURO'),
('SG', 'Singapore', 'WPRO'),
('SH', 'Saint Helena', 'AFRO'),
('SI', 'Slovenia', 'EURO'),
('SK', 'Slovakia', 'EURO'),
('SL', 'Sierra Leone', 'AFRO'),
('SM', 'San Marino', 'EURO'),
('SN', 'Senegal', 'AFRO'),
('SO', 'Somalia', 'EMRO'),
('SR', 'Suriname', 'AMRO'),
('SS', 'South Sudan', 'AFRO'),
('ST', 'Sao Tome and Principe', 'AFRO'),
('SV', 'El Salvador', 'AMRO'),
('SX', 'Sint Maarten', 'AMRO'),
('SY', 'Syrian Arab Republic', 'EMRO'),
('SZ', 'Eswatini', 'AFRO'),
('TC', 'Turks and Caicos Islands', 'AMRO'),
('TD', 'Chad', 'AFRO'),
('TG', 'Togo', 'AFRO'),
('TH', 'Thailand', 'SEARO'),
('TJ', 'Tajikistan', 'EURO'),
('TK', 'Tokelau', 'WPRO'),
('TL', 'Timor-Leste', 'SEARO'),
('TM', 'Turkmenistan', 'EURO'),
('TN', 'Tunisia', 'EMRO'),
('TO', 'Tonga', 'WPRO'),
('TR', 'Turkey', 'EURO'),
('TT', 'Trinidad and Tobago', 'AMRO'),
('TV', 'Tuvalu', 'WPRO'),
('TZ', 'United Republic of Tanzania', 'AFRO'),
('UA', 'Ukraine', 'EURO'),
('UG', 'Uganda', 'AFRO'),
('US', 'United States of America', 'AMRO'),
('UY', 'Uruguay', 'AMRO'),
('UZ', 'Uzbekistan', 'EURO'),
('VA', 'Holy See', 'EURO'),
('VC', 'Saint Vincent and the Grenadines', 'AMRO'),
('VE', 'Venezuela', 'AMRO'),
('VG', 'British Virgin Islands', 'AMRO'),
('VI', 'United States Virgin Islands', 'AMRO'),
('VN', 'Viet Nam', 'WPRO'),
('VU', 'Vanuatu', 'WPRO'),
('WF', 'Wallis and Futuna', 'WPRO'),
('WS', 'Samoa', 'WPRO'),
('XA', 'Bonaire', 'AMRO'),
('XB', 'Sint Eustatius', 'AMRO'),
('XC', 'Saba', 'AMRO'),
('XK', 'Kosovo[1]', 'EURO'),
('YE', 'Yemen', 'EMRO'),
('YT', 'Mayotte', 'AFRO'),
('ZA', 'South Africa', 'AFRO'),
('ZM', 'Zambia', 'AFRO'),
('ZW', 'Zimbabwe', 'AFRO');

-- --------------------------------------------------------

--
-- Estructura de tabla para la tabla `region`
--

CREATE TABLE `region` (
  `id_region` char(5) NOT NULL,
  `name` varchar(45) NOT NULL
) ENGINE=InnoDB DEFAULT CHARSET=utf8mb4;

--
-- Volcado de datos para la tabla `region`
--

INSERT INTO `region` (`id_region`, `name`) VALUES
('AFRO', 'Africa'),
('AMRO', 'Americas'),
('EMRO', 'Eastern Mediterranean'),
('EURO', 'Europe'),
('SEARO', 'South-East Asia'),
('WPRO', 'Western Pacific');

-- --------------------------------------------------------

--
-- Estructura de tabla para la tabla `report`
--

CREATE TABLE `report` (
  `id_report` int(11) NOT NULL,
  `date` date NOT NULL,
  `new_cases` int(11) NOT NULL,
  `cumulative_cases` int(11) NOT NULL,
  `new_deaths` int(11) NOT NULL,
  `cumulative_deaths` int(11) NOT NULL,
  `id_country_country` char(2) DEFAULT NULL
) ENGINE=InnoDB DEFAULT CHARSET=utf8mb4;

--
-- Volcado de datos para la tabla `report`
--

INSERT INTO `report` (`id_report`, `date`, `new_cases`, `cumulative_cases`, `new_deaths`, `cumulative_deaths`, `id_country_country`) VALUES
(270599, '2021-10-21', 58, 155859, 0, 7247, 'AF'),
(270600, '2021-10-22', 32, 155891, 2, 7249, 'AF'),
(270601, '2021-10-23', 40, 155931, 3, 7252, 'AF'),
(270602, '2021-10-24', 9, 155940, 1, 7253, 'AF'),
(270603, '2021-10-25', 45, 155985, 4, 7257, 'AF'),
(270604, '2021-10-26', 55, 156040, 3, 7260, 'AF'),
(270605, '2021-10-27', 31, 156071, 2, 7262, 'AF'),
(270606, '2021-10-28', 53, 156124, 4, 7266, 'AF'),
(271251, '2021-10-08', 533, 173723, 12, 2746, 'AL'),
(271252, '2021-10-09', 445, 174168, 7, 2753, 'AL'),
(271253, '2021-10-10', 475, 174643, 6, 2759, 'AL'),
(271254, '2021-10-11', 325, 174968, 9, 2768, 'AL'),
(271255, '2021-10-12', 195, 175163, 9, 2777, 'AL'),
(271256, '2021-10-13', 501, 175664, 6, 2783, 'AL'),
(271257, '2021-10-14', 508, 176172, 5, 2788, 'AL'),
(271258, '2021-10-15', 495, 176667, 9, 2797, 'AL'),
(271259, '2021-10-16', 441, 177108, 10, 2807, 'AL'),
(271260, '2021-10-17', 428, 177536, 3, 2810, 'AL'),
(271261, '2021-10-18', 435, 177971, 10, 2820, 'AL'),
(271262, '2021-10-19', 217, 178188, 9, 2829, 'AL'),
(271263, '2021-10-20', 616, 178804, 12, 2841, 'AL'),
(271264, '2021-10-21', 659, 179463, 8, 2849, 'AL'),
(271265, '2021-10-22', 566, 180029, 6, 2855, 'AL'),
(271266, '2021-10-23', 594, 180623, 8, 2863, 'AL'),
(271267, '2021-10-24', 629, 181252, 7, 2870, 'AL'),
(271268, '2021-10-25', 444, 181696, 4, 2874, 'AL'),
(271269, '2021-10-26', 264, 181960, 6, 2880, 'AL'),
(271270, '2021-10-27', 650, 182610, 8, 2888, 'AL'),
(271271, '2021-10-28', 672, 183282, 5, 2893, 'AL'),
(271900, '2021-09-22', 0, 201766, 0, 5709, 'DZ'),
(271901, '2021-09-23', 356, 202122, 30, 5739, 'DZ'),
(271902, '2021-09-24', 161, 202283, 9, 5748, 'DZ'),
(271903, '2021-09-25', 166, 202449, 10, 5758, 'DZ'),
(271904, '2021-09-26', 125, 202574, 9, 5767, 'DZ'),
(271905, '2021-09-27', 148, 202722, 10, 5777, 'DZ'),
(271906, '2021-09-28', 0, 202722, 0, 5777, 'DZ'),
(271907, '2021-09-29', 323, 203045, 20, 5797, 'DZ'),
(271908, '2021-09-30', 153, 203198, 8, 5805, 'DZ'),
(271909, '2021-10-01', 161, 203359, 7, 5812, 'DZ'),
(271910, '2021-10-02', 158, 203517, 3, 5815, 'DZ'),
(271911, '2021-10-03', 140, 203657, 4, 5819, 'DZ'),
(271912, '2021-10-04', 132, 203789, 3, 5822, 'DZ'),
(271913, '2021-10-05', 126, 203915, 4, 5826, 'DZ'),
(271914, '2021-10-06', 131, 204046, 5, 5831, 'DZ'),
(271915, '2021-10-07', 125, 204171, 7, 5838, 'DZ'),
(271916, '2021-10-08', 105, 204276, 5, 5843, 'DZ'),
(271917, '2021-10-09', 112, 204388, 3, 5846, 'DZ'),
(271918, '2021-10-10', 102, 204490, 4, 5850, 'DZ'),
(271919, '2021-10-11', 107, 204597, 3, 5853, 'DZ'),
(271920, '2021-10-12', 98, 204695, 2, 5855, 'DZ'),
(271921, '2021-10-13', 95, 204790, 4, 5859, 'DZ'),
(271922, '2021-10-14', 110, 204900, 3, 5862, 'DZ'),
(271923, '2021-10-15', 105, 205005, 2, 5864, 'DZ'),
(271924, '2021-10-16', 101, 205106, 3, 5867, 'DZ'),
(271925, '2021-10-17', 93, 205199, 3, 5870, 'DZ'),
(271926, '2021-10-18', 87, 205286, 2, 5872, 'DZ'),
(271927, '2021-10-19', 78, 205364, 1, 5873, 'DZ'),
(271928, '2021-10-20', 89, 205453, 2, 5875, 'DZ'),
(271929, '2021-10-21', 76, 205529, 3, 5878, 'DZ'),
(271930, '2021-10-22', 70, 205599, 3, 5881, 'DZ'),
(271931, '2021-10-23', 84, 205683, 2, 5883, 'DZ'),
(271932, '2021-10-24', 67, 205750, 3, 5886, 'DZ'),
(271933, '2021-10-25', 72, 205822, 4, 5890, 'DZ'),
(271934, '2021-10-26', 81, 205903, 4, 5894, 'DZ'),
(271935, '2021-10-27', 87, 205990, 5, 5899, 'DZ'),
(271936, '2021-10-28', 79, 206069, 5, 5904, 'DZ'),
(272553, '2021-09-10', 0, 0, 0, 0, 'AS'),
(272554, '2021-09-11', 0, 0, 0, 0, 'AS'),
(272555, '2021-09-12', 0, 0, 0, 0, 'AS'),
(272556, '2021-09-13', 0, 0, 0, 0, 'AS'),
(272557, '2021-09-14', 0, 0, 0, 0, 'AS'),
(272558, '2021-09-15', 0, 0, 0, 0, 'AS'),
(272559, '2021-09-16', 0, 0, 0, 0, 'AS'),
(272560, '2021-09-17', 0, 0, 0, 0, 'AS'),
(272561, '2021-09-18', 0, 0, 0, 0, 'AS'),
(272562, '2021-09-19', 1, 1, 0, 0, 'AS'),
(272563, '2021-09-20', 0, 1, 0, 0, 'AS'),
(272564, '2021-09-21', 0, 1, 0, 0, 'AS'),
(272565, '2021-09-22', 0, 1, 0, 0, 'AS'),
(272566, '2021-09-23', 0, 1, 0, 0, 'AS'),
(272567, '2021-09-24', 0, 1, 0, 0, 'AS'),
(272568, '2021-09-25', 0, 1, 0, 0, 'AS'),
(272569, '2021-09-26', 0, 1, 0, 0, 'AS'),
(272570, '2021-09-27', 0, 1, 0, 0, 'AS'),
(272571, '2021-09-28', 0, 1, 0, 0, 'AS'),
(272572, '2021-09-29', 0, 1, 0, 0, 'AS'),
(272573, '2021-09-30', 0, 1, 0, 0, 'AS'),
(272574, '2021-10-01', 0, 1, 0, 0, 'AS'),
(272575, '2021-10-02', 0, 1, 0, 0, 'AS'),
(272576, '2021-10-03', 0, 1, 0, 0, 'AS'),
(272577, '2021-10-04', 0, 1, 0, 0, 'AS'),
(272578, '2021-10-05', 2, 3, 0, 0, 'AS'),
(272579, '2021-10-06', 0, 3, 0, 0, 'AS'),
(272580, '2021-10-07', 0, 3, 0, 0, 'AS'),
(272581, '2021-10-08', 0, 3, 0, 0, 'AS'),
(272582, '2021-10-09', 0, 3, 0, 0, 'AS'),
(272583, '2021-10-10', 0, 3, 0, 0, 'AS'),
(272584, '2021-10-11', 0, 3, 0, 0, 'AS'),
(272585, '2021-10-12', 0, 3, 0, 0, 'AS'),
(272586, '2021-10-13', 0, 3, 0, 0, 'AS'),
(272587, '2021-10-14', 0, 3, 0, 0, 'AS'),
(272588, '2021-10-15', 0, 3, 0, 0, 'AS'),
(272589, '2021-10-16', 0, 3, 0, 0, 'AS'),
(272590, '2021-10-17', 0, 3, 0, 0, 'AS'),
(272591, '2021-10-18', 0, 3, 0, 0, 'AS'),
(272592, '2021-10-19', 0, 3, 0, 0, 'AS'),
(272593, '2021-10-20', 0, 3, 0, 0, 'AS'),
(272594, '2021-10-21', 1, 4, 0, 0, 'AS'),
(272595, '2021-10-22', 0, 4, 0, 0, 'AS'),
(272596, '2021-10-23', 0, 4, 0, 0, 'AS'),
(272597, '2021-10-24', 0, 4, 0, 0, 'AS'),
(272598, '2021-10-25', 0, 4, 0, 0, 'AS'),
(272599, '2021-10-26', 0, 4, 0, 0, 'AS'),
(272600, '2021-10-27', 0, 4, 0, 0, 'AS'),
(272601, '2021-10-28', 0, 4, 0, 0, 'AS'),
(273211, '2021-09-03', 6, 15052, 0, 130, 'AD'),
(273212, '2021-09-04', 3, 15055, 0, 130, 'AD'),
(273213, '2021-09-05', 0, 15055, 0, 130, 'AD'),
(273214, '2021-09-06', 0, 15055, 0, 130, 'AD'),
(273215, '2021-09-07', 14, 15069, 0, 130, 'AD'),
(273216, '2021-09-08', 1, 15070, 0, 130, 'AD'),
(273217, '2021-09-09', 0, 15070, 0, 130, 'AD'),
(273218, '2021-09-10', 8, 15078, 0, 130, 'AD'),
(273219, '2021-09-11', 5, 15083, 0, 130, 'AD'),
(273220, '2021-09-12', 0, 15083, 0, 130, 'AD'),
(273221, '2021-09-13', 0, 15083, 0, 130, 'AD'),
(273222, '2021-09-14', 13, 15096, 0, 130, 'AD'),
(273223, '2021-09-15', 3, 15099, 0, 130, 'AD'),
(273224, '2021-09-16', 9, 15108, 0, 130, 'AD'),
(273225, '2021-09-17', 5, 15113, 0, 130, 'AD'),
(273226, '2021-09-18', 11, 15124, 0, 130, 'AD'),
(273227, '2021-09-19', 0, 15124, 0, 130, 'AD'),
(273228, '2021-09-20', 0, 15124, 0, 130, 'AD'),
(273229, '2021-09-21', 16, 15140, 0, 130, 'AD'),
(273230, '2021-09-22', 0, 15140, 0, 130, 'AD'),
(273231, '2021-09-23', 13, 15153, 0, 130, 'AD'),
(273232, '2021-09-24', 3, 15156, 0, 130, 'AD'),
(273233, '2021-09-25', 11, 15167, 0, 130, 'AD'),
(273234, '2021-09-26', 0, 15167, 0, 130, 'AD'),
(273235, '2021-09-27', 0, 15167, 0, 130, 'AD'),
(273236, '2021-09-28', 22, 15189, 0, 130, 'AD'),
(273237, '2021-09-29', 3, 15192, 0, 130, 'AD'),
(273238, '2021-09-30', 17, 15209, 0, 130, 'AD'),
(273239, '2021-10-01', 13, 15222, 0, 130, 'AD'),
(273240, '2021-10-02', 0, 15222, 0, 130, 'AD'),
(273241, '2021-10-03', 0, 15222, 0, 130, 'AD'),
(273242, '2021-10-04', 0, 15222, 0, 130, 'AD'),
(273243, '2021-10-05', 45, 15267, 0, 130, 'AD'),
(273244, '2021-10-06', 4, 15271, 0, 130, 'AD'),
(273245, '2021-10-07', 13, 15284, 0, 130, 'AD'),
(273246, '2021-10-08', 4, 15288, 0, 130, 'AD'),
(273247, '2021-10-09', 3, 15291, 0, 130, 'AD'),
(273248, '2021-10-10', 0, 15291, 0, 130, 'AD'),
(273249, '2021-10-11', 0, 15291, 0, 130, 'AD'),
(273250, '2021-10-12', 16, 15307, 0, 130, 'AD'),
(273251, '2021-10-13', 0, 15307, 0, 130, 'AD'),
(273252, '2021-10-14', 7, 15314, 0, 130, 'AD'),
(273253, '2021-10-15', 12, 15326, 0, 130, 'AD'),
(273254, '2021-10-16', 12, 15338, 0, 130, 'AD'),
(273255, '2021-10-17', 0, 15338, 0, 130, 'AD'),
(273256, '2021-10-18', 0, 15338, 0, 130, 'AD'),
(273257, '2021-10-19', 29, 15367, 0, 130, 'AD'),
(273258, '2021-10-20', 2, 15369, 0, 130, 'AD'),
(273259, '2021-10-21', 13, 15382, 0, 130, 'AD'),
(273260, '2021-10-22', 0, 15382, 0, 130, 'AD'),
(273261, '2021-10-23', 22, 15404, 0, 130, 'AD'),
(273262, '2021-10-24', 0, 15404, 0, 130, 'AD'),
(273263, '2021-10-25', 0, 15404, 0, 130, 'AD'),
(273264, '2021-10-26', 21, 15425, 0, 130, 'AD'),
(273265, '2021-10-27', 0, 15425, 0, 130, 'AD'),
(273266, '2021-10-28', 37, 15462, 0, 130, 'AD'),
(273837, '2021-07-26', 44, 41780, 2, 984, 'AO'),
(273838, '2021-07-27', 99, 41879, 7, 991, 'AO'),
(273839, '2021-07-28', 231, 42110, 3, 994, 'AO'),
(273840, '2021-07-29', 178, 42288, 6, 1000, 'AO'),
(273841, '2021-07-30', 198, 42486, 3, 1003, 'AO'),
(273842, '2021-07-31', 160, 42646, 5, 1008, 'AO'),
(273843, '2021-08-01', 131, 42777, 3, 1011, 'AO'),
(273844, '2021-08-02', 38, 42815, 5, 1016, 'AO'),
(273845, '2021-08-03', 105, 42920, 2, 1018, 'AO'),
(273846, '2021-08-04', 100, 43020, 4, 1022, 'AO'),
(273847, '2021-08-05', 138, 43158, 4, 1026, 'AO'),
(273848, '2021-08-06', 111, 43269, 6, 1032, 'AO'),
(273849, '2021-08-07', 220, 43489, 10, 1042, 'AO'),
(273850, '2021-08-08', 103, 43592, 2, 1044, 'AO'),
(273851, '2021-08-09', 70, 43662, 5, 1049, 'AO'),
(273852, '2021-08-10', 85, 43747, 4, 1053, 'AO'),
(273853, '2021-08-11', 143, 43890, 4, 1057, 'AO'),
(273854, '2021-08-12', 108, 43998, 6, 1063, 'AO'),
(273855, '2021-08-13', 176, 44174, 7, 1070, 'AO'),
(273856, '2021-08-14', 154, 44328, 12, 1082, 'AO'),
(273857, '2021-08-15', 205, 44533, 4, 1086, 'AO'),
(273858, '2021-08-16', 84, 44617, 14, 1100, 'AO'),
(273859, '2021-08-17', 114, 44731, 3, 1103, 'AO'),
(273860, '2021-08-18', 233, 44964, 15, 1118, 'AO'),
(273861, '2021-08-19', 211, 45175, 7, 1125, 'AO'),
(273862, '2021-08-20', 150, 45325, 8, 1133, 'AO'),
(273863, '2021-08-21', 258, 45583, 5, 1138, 'AO'),
(273864, '2021-08-22', 234, 45817, 2, 1140, 'AO'),
(273865, '2021-08-23', 128, 45945, 13, 1153, 'AO'),
(273866, '2021-08-24', 131, 46076, 10, 1163, 'AO'),
(273867, '2021-08-25', 264, 46340, 3, 1166, 'AO'),
(273868, '2021-08-26', 199, 46539, 10, 1176, 'AO'),
(273869, '2021-08-27', 184, 46723, 6, 1182, 'AO'),
(273870, '2021-08-28', 206, 46929, 4, 1186, 'AO'),
(273871, '2021-08-29', 150, 47079, 6, 1192, 'AO'),
(273872, '2021-08-30', 89, 47168, 9, 1201, 'AO'),
(273873, '2021-08-31', 163, 47331, 9, 1210, 'AO'),
(273874, '2021-09-01', 213, 47544, 7, 1217, 'AO'),
(273875, '2021-09-02', 237, 47781, 10, 1227, 'AO'),
(273876, '2021-09-03', 223, 48004, 8, 1235, 'AO'),
(273877, '2021-09-04', 257, 48261, 13, 1248, 'AO'),
(273878, '2021-09-05', 214, 48475, 0, 1248, 'AO'),
(273879, '2021-09-06', 0, 48475, 10, 1258, 'AO'),
(273880, '2021-09-07', 315, 48790, 24, 1282, 'AO'),
(273881, '2021-09-08', 0, 48790, 0, 1282, 'AO'),
(273882, '2021-09-09', 559, 49349, 27, 1309, 'AO'),
(273883, '2021-09-10', 279, 49628, 4, 1313, 'AO'),
(273884, '2021-09-11', 315, 49943, 9, 1322, 'AO'),
(273885, '2021-09-12', 405, 50348, 5, 1327, 'AO'),
(273886, '2021-09-13', 98, 50446, 12, 1339, 'AO'),
(273887, '2021-09-14', 0, 50446, 0, 1339, 'AO'),
(273888, '2021-09-15', 601, 51047, 19, 1358, 'AO'),
(273889, '2021-09-16', 360, 51407, 2, 1360, 'AO'),
(273890, '2021-09-17', 420, 51827, 11, 1371, 'AO'),
(273891, '2021-09-18', 381, 52208, 7, 1378, 'AO'),
(273892, '2021-09-19', 99, 52307, 10, 1388, 'AO'),
(273893, '2021-09-20', 116, 52423, 3, 1391, 'AO'),
(273894, '2021-09-21', 221, 52644, 18, 1409, 'AO'),
(273895, '2021-09-22', 0, 52644, 0, 1409, 'AO'),
(273896, '2021-09-23', 743, 53387, 25, 1434, 'AO'),
(273897, '2021-09-24', 453, 53840, 26, 1460, 'AO'),
(273898, '2021-09-25', 440, 54280, 11, 1471, 'AO'),
(273899, '2021-09-26', 515, 54795, 16, 1487, 'AO'),
(273900, '2021-09-27', 326, 55121, 14, 1501, 'AO'),
(273901, '2021-09-28', 0, 55121, 0, 1501, 'AO'),
(273902, '2021-09-29', 919, 56040, 25, 1526, 'AO'),
(273903, '2021-09-30', 543, 56583, 11, 1537, 'AO'),
(273904, '2021-10-01', 0, 56583, 0, 1537, 'AO'),
(273905, '2021-10-02', 1493, 58076, 30, 1567, 'AO'),
(273906, '2021-10-03', 527, 58603, 7, 1574, 'AO'),
(273907, '2021-10-04', 340, 58943, 3, 1577, 'AO'),
(273908, '2021-10-05', 428, 59371, 7, 1584, 'AO'),
(273909, '2021-10-06', 524, 59895, 3, 1587, 'AO'),
(273910, '2021-10-07', 553, 60448, 11, 1598, 'AO'),
(273911, '2021-10-08', 355, 60803, 5, 1603, 'AO'),
(273912, '2021-10-09', 220, 61023, 10, 1613, 'AO'),
(273913, '2021-10-10', 222, 61245, 5, 1618, 'AO'),
(273914, '2021-10-11', 133, 61378, 4, 1622, 'AO'),
(273915, '2021-10-12', 202, 61580, 7, 1629, 'AO'),
(273916, '2021-10-13', 214, 61794, 13, 1642, 'AO'),
(273917, '2021-10-14', 349, 62143, 8, 1650, 'AO'),
(273918, '2021-10-15', 242, 62385, 3, 1653, 'AO'),
(273919, '2021-10-16', 221, 62606, 7, 1660, 'AO'),
(273920, '2021-10-17', 183, 62789, 2, 1662, 'AO'),
(273921, '2021-10-18', 53, 62842, 2, 1664, 'AO'),
(273922, '2021-10-19', 170, 63012, 6, 1670, 'AO'),
(273923, '2021-10-20', 185, 63197, 8, 1678, 'AO'),
(273924, '2021-10-21', 143, 63340, 4, 1682, 'AO'),
(273925, '2021-10-22', 227, 63567, 3, 1685, 'AO'),
(273926, '2021-10-23', 124, 63691, 8, 1693, 'AO'),
(273927, '2021-10-24', 84, 63775, 2, 1695, 'AO'),
(273928, '2021-10-25', 86, 63861, 2, 1697, 'AO'),
(273929, '2021-10-26', 69, 63930, 4, 1701, 'AO'),
(273930, '2021-10-27', 103, 64033, 1, 1702, 'AO'),
(273931, '2021-10-28', 93, 64126, 1, 1703, 'AO'),
(274504, '2021-07-28', 0, 113, 0, 0, 'AI'),
(274505, '2021-07-29', 0, 113, 0, 0, 'AI'),
(274506, '2021-07-30', 1, 114, 0, 0, 'AI'),
(274507, '2021-07-31', 0, 114, 0, 0, 'AI'),
(274508, '2021-08-01', 0, 114, 0, 0, 'AI'),
(274509, '2021-08-02', 0, 114, 0, 0, 'AI'),
(274510, '2021-08-03', 0, 114, 0, 0, 'AI'),
(274511, '2021-08-04', 0, 114, 0, 0, 'AI'),
(274512, '2021-08-05', 0, 114, 0, 0, 'AI'),
(274513, '2021-08-06', 0, 114, 0, 0, 'AI'),
(274514, '2021-08-07', 0, 114, 0, 0, 'AI'),
(274515, '2021-08-08', 0, 114, 0, 0, 'AI'),
(274516, '2021-08-09', 0, 114, 0, 0, 'AI'),
(274517, '2021-08-10', 0, 114, 0, 0, 'AI'),
(274518, '2021-08-11', 0, 114, 0, 0, 'AI'),
(274519, '2021-08-12', 0, 114, 0, 0, 'AI'),
(274520, '2021-08-13', 13, 127, 0, 0, 'AI'),
(274521, '2021-08-14', 0, 127, 0, 0, 'AI'),
(274522, '2021-08-15', 0, 127, 0, 0, 'AI'),
(274523, '2021-08-16', 0, 127, 0, 0, 'AI'),
(274524, '2021-08-17', 10, 137, 0, 0, 'AI'),
(274525, '2021-08-18', 0, 137, 0, 0, 'AI'),
(274526, '2021-08-19', 0, 137, 0, 0, 'AI'),
(274527, '2021-08-20', 17, 154, 0, 0, 'AI'),
(274528, '2021-08-21', 0, 154, 0, 0, 'AI'),
(274529, '2021-08-22', 0, 154, 0, 0, 'AI'),
(274530, '2021-08-23', 12, 166, 0, 0, 'AI'),
(274531, '2021-08-24', 0, 166, 0, 0, 'AI'),
(274532, '2021-08-25', 0, 166, 0, 0, 'AI'),
(274533, '2021-08-26', 8, 174, 0, 0, 'AI'),
(274534, '2021-08-27', 20, 194, 0, 0, 'AI'),
(274535, '2021-08-28', 0, 194, 0, 0, 'AI'),
(274536, '2021-08-29', 0, 194, 0, 0, 'AI'),
(274537, '2021-08-30', 0, 194, 0, 0, 'AI'),
(274538, '2021-08-31', 23, 217, 0, 0, 'AI'),
(274539, '2021-09-01', 0, 217, 0, 0, 'AI'),
(274540, '2021-09-02', 0, 217, 0, 0, 'AI'),
(274541, '2021-09-03', 39, 256, 0, 0, 'AI'),
(274542, '2021-09-04', 0, 256, 0, 0, 'AI'),
(274543, '2021-09-05', 23, 279, 0, 0, 'AI'),
(274544, '2021-09-06', 0, 279, 0, 0, 'AI'),
(274545, '2021-09-07', 17, 296, 0, 0, 'AI'),
(274546, '2021-09-08', 0, 296, 0, 0, 'AI'),
(274547, '2021-09-09', 9, 305, 0, 0, 'AI'),
(274548, '2021-09-10', 0, 305, 0, 0, 'AI'),
(274549, '2021-09-11', 7, 312, 0, 0, 'AI'),
(274550, '2021-09-12', 0, 312, 0, 0, 'AI'),
(274551, '2021-09-13', 0, 312, 0, 0, 'AI'),
(274552, '2021-09-14', 6, 318, 0, 0, 'AI'),
(274553, '2021-09-15', 0, 318, 0, 0, 'AI'),
(274554, '2021-09-16', 7, 325, 0, 0, 'AI'),
(274555, '2021-09-17', 0, 325, 0, 0, 'AI'),
(274556, '2021-09-18', 6, 331, 0, 0, 'AI'),
(274557, '2021-09-19', 0, 331, 0, 0, 'AI'),
(274558, '2021-09-20', 0, 331, 0, 0, 'AI'),
(274559, '2021-09-21', 0, 331, 0, 0, 'AI'),
(274560, '2021-09-22', 9, 340, 1, 1, 'AI'),
(274561, '2021-09-23', 10, 350, 0, 1, 'AI'),
(274562, '2021-09-24', 0, 350, 0, 1, 'AI'),
(274563, '2021-09-25', 14, 364, 0, 1, 'AI'),
(274564, '2021-09-26', 0, 364, 0, 1, 'AI'),
(274565, '2021-09-27', 0, 364, 0, 1, 'AI'),
(274566, '2021-09-28', 0, 364, 0, 1, 'AI'),
(274567, '2021-09-29', 25, 389, 0, 1, 'AI'),
(274568, '2021-09-30', 0, 389, 0, 1, 'AI'),
(274569, '2021-10-01', 20, 409, 0, 1, 'AI'),
(274570, '2021-10-02', 16, 425, 0, 1, 'AI'),
(274571, '2021-10-03', 0, 425, 0, 1, 'AI'),
(274572, '2021-10-04', 0, 425, 0, 1, 'AI'),
(274573, '2021-10-05', 0, 425, 0, 1, 'AI'),
(274574, '2021-10-06', 28, 453, 0, 1, 'AI'),
(274575, '2021-10-07', 0, 453, 0, 1, 'AI'),
(274576, '2021-10-08', 46, 499, 0, 1, 'AI'),
(274577, '2021-10-09', 45, 544, 0, 1, 'AI'),
(274578, '2021-10-10', 0, 544, 0, 1, 'AI'),
(274579, '2021-10-11', 0, 544, 0, 1, 'AI'),
(274580, '2021-10-12', 0, 544, 0, 1, 'AI'),
(274581, '2021-10-13', 50, 594, 0, 1, 'AI'),
(274582, '2021-10-14', 50, 644, 0, 1, 'AI'),
(274583, '2021-10-15', 0, 644, 0, 1, 'AI'),
(274584, '2021-10-16', 24, 668, 0, 1, 'AI'),
(274585, '2021-10-17', 0, 668, 0, 1, 'AI'),
(274586, '2021-10-18', 0, 668, 0, 1, 'AI'),
(274587, '2021-10-19', 0, 668, 0, 1, 'AI'),
(274588, '2021-10-20', 30, 698, 0, 1, 'AI'),
(274589, '2021-10-21', 0, 698, 0, 1, 'AI'),
(274590, '2021-10-22', 45, 743, 0, 1, 'AI'),
(274591, '2021-10-23', 50, 793, 0, 1, 'AI'),
(274592, '2021-10-24', 0, 793, 0, 1, 'AI'),
(274593, '2021-10-25', 0, 793, 0, 1, 'AI'),
(274594, '2021-10-26', 0, 793, 0, 1, 'AI'),
(274595, '2021-10-27', 66, 859, 0, 1, 'AI'),
(274596, '2021-10-28', 0, 859, 0, 1, 'AI'),
(275132, '2021-06-21', 0, 1263, 0, 42, 'AG'),
(275133, '2021-06-22', 0, 1263, 0, 42, 'AG'),
(275134, '2021-06-23', 0, 1263, 0, 42, 'AG'),
(275135, '2021-06-24', 0, 1263, 0, 42, 'AG'),
(275136, '2021-06-25', 0, 1263, 0, 42, 'AG'),
(275137, '2021-06-26', 0, 1263, 0, 42, 'AG'),
(275138, '2021-06-27', 0, 1263, 0, 42, 'AG'),
(275139, '2021-06-28', 0, 1263, 0, 42, 'AG'),
(275140, '2021-06-29', 0, 1263, 0, 42, 'AG'),
(275141, '2021-06-30', 0, 1263, 0, 42, 'AG'),
(275142, '2021-07-01', 0, 1263, 0, 42, 'AG'),
(275143, '2021-07-02', 1, 1264, 0, 42, 'AG'),
(275144, '2021-07-03', 0, 1264, 0, 42, 'AG'),
(275145, '2021-07-04', 0, 1264, 0, 42, 'AG'),
(275146, '2021-07-05', 0, 1264, 0, 42, 'AG'),
(275147, '2021-07-06', 0, 1264, 0, 42, 'AG'),
(275148, '2021-07-07', 1, 1265, 0, 42, 'AG'),
(275149, '2021-07-08', 0, 1265, 0, 42, 'AG'),
(275150, '2021-07-09', 0, 1265, 0, 42, 'AG'),
(275151, '2021-07-10', 1, 1266, 0, 42, 'AG'),
(275152, '2021-07-11', 0, 1266, 0, 42, 'AG'),
(275153, '2021-07-12', 0, 1266, 0, 42, 'AG'),
(275154, '2021-07-13', 0, 1266, 0, 42, 'AG'),
(275155, '2021-07-14', 0, 1266, 0, 42, 'AG'),
(275156, '2021-07-15', 0, 1266, 0, 42, 'AG'),
(275157, '2021-07-16', 1, 1267, 0, 42, 'AG'),
(275158, '2021-07-17', 1, 1268, 0, 42, 'AG'),
(275159, '2021-07-18', 0, 1268, 0, 42, 'AG'),
(275160, '2021-07-19', 0, 1268, 0, 42, 'AG'),
(275161, '2021-07-20', 0, 1268, 0, 42, 'AG'),
(275162, '2021-07-21', 7, 1275, 0, 42, 'AG'),
(275163, '2021-07-22', 0, 1275, 0, 42, 'AG'),
(275164, '2021-07-23', 2, 1277, 0, 42, 'AG'),
(275165, '2021-07-24', 1, 1278, 1, 43, 'AG'),
(275166, '2021-07-25', 2, 1280, 0, 43, 'AG'),
(275167, '2021-07-26', 0, 1280, 0, 43, 'AG'),
(275168, '2021-07-27', 0, 1280, 0, 43, 'AG'),
(275169, '2021-07-28', 8, 1288, 0, 43, 'AG'),
(275170, '2021-07-29', 0, 1288, 0, 43, 'AG'),
(275171, '2021-07-30', 7, 1295, 0, 43, 'AG'),
(275172, '2021-07-31', 8, 1303, 0, 43, 'AG'),
(275173, '2021-08-01', 0, 1303, 0, 43, 'AG'),
(275174, '2021-08-02', 0, 1303, 0, 43, 'AG'),
(275175, '2021-08-03', 0, 1303, 0, 43, 'AG'),
(275176, '2021-08-04', 0, 1303, 0, 43, 'AG'),
(275177, '2021-08-05', 8, 1311, 0, 43, 'AG'),
(275178, '2021-08-06', 0, 1311, 0, 43, 'AG'),
(275179, '2021-08-07', 9, 1320, 0, 43, 'AG'),
(275180, '2021-08-08', 8, 1328, 0, 43, 'AG'),
(275181, '2021-08-09', 10, 1338, 0, 43, 'AG'),
(275182, '2021-08-10', 10, 1348, 0, 43, 'AG'),
(275183, '2021-08-11', 0, 1348, 0, 43, 'AG'),
(275184, '2021-08-12', 0, 1348, 0, 43, 'AG'),
(275185, '2021-08-13', 24, 1372, 0, 43, 'AG'),
(275186, '2021-08-14', 0, 1372, 0, 43, 'AG'),
(275187, '2021-08-15', 0, 1372, 0, 43, 'AG'),
(275188, '2021-08-16', 0, 1372, 0, 43, 'AG'),
(275189, '2021-08-17', 25, 1397, 0, 43, 'AG'),
(275190, '2021-08-18', 0, 1397, 0, 43, 'AG'),
(275191, '2021-08-19', 24, 1421, 0, 43, 'AG'),
(275192, '2021-08-20', 0, 1421, 0, 43, 'AG'),
(275193, '2021-08-21', 26, 1447, 0, 43, 'AG'),
(275194, '2021-08-22', 43, 1490, 0, 43, 'AG'),
(275195, '2021-08-23', 0, 1490, 0, 43, 'AG'),
(275196, '2021-08-24', 0, 1490, 0, 43, 'AG'),
(275197, '2021-08-25', 50, 1540, 0, 43, 'AG'),
(275198, '2021-08-26', 0, 1540, 0, 43, 'AG'),
(275199, '2021-08-27', 58, 1598, 0, 43, 'AG'),
(275200, '2021-08-28', 0, 1598, 0, 43, 'AG'),
(275201, '2021-08-29', 40, 1638, 0, 43, 'AG'),
(275202, '2021-08-30', 75, 1713, 1, 44, 'AG'),
(275203, '2021-08-31', 0, 1713, 0, 44, 'AG'),
(275204, '2021-09-01', 2, 1715, 0, 44, 'AG'),
(275205, '2021-09-02', 4, 1719, 0, 44, 'AG'),
(275206, '2021-09-03', 23, 1742, 0, 44, 'AG'),
(275207, '2021-09-04', 8, 1750, 0, 44, 'AG'),
(275208, '2021-09-05', 9, 1759, 2, 46, 'AG'),
(275209, '2021-09-06', 111, 1870, 0, 46, 'AG'),
(275210, '2021-09-07', 0, 1870, 0, 46, 'AG'),
(275211, '2021-09-08', 90, 1960, 1, 47, 'AG'),
(275212, '2021-09-09', 14, 1974, 0, 47, 'AG'),
(275213, '2021-09-10', 0, 1974, 0, 47, 'AG'),
(275214, '2021-09-11', 85, 2059, 0, 47, 'AG'),
(275215, '2021-09-12', 94, 2153, 1, 48, 'AG'),
(275216, '2021-09-13', 13, 2166, 0, 48, 'AG'),
(275217, '2021-09-14', 131, 2297, 0, 48, 'AG'),
(275218, '2021-09-15', 0, 2297, 0, 48, 'AG'),
(275219, '2021-09-16', 7, 2304, 0, 48, 'AG'),
(275220, '2021-09-17', 0, 2304, 0, 48, 'AG'),
(275221, '2021-09-18', 159, 2463, 7, 55, 'AG'),
(275222, '2021-09-19', 140, 2603, 0, 55, 'AG'),
(275223, '2021-09-20', 0, 2603, 0, 55, 'AG'),
(275224, '2021-09-21', 0, 2603, 0, 55, 'AG'),
(275225, '2021-09-22', 0, 2603, 0, 55, 'AG'),
(275226, '2021-09-23', 0, 2603, 0, 55, 'AG'),
(275227, '2021-09-24', 22, 2625, 2, 57, 'AG'),
(275228, '2021-09-25', 190, 2815, 6, 63, 'AG'),
(275229, '2021-09-26', 0, 2815, 0, 63, 'AG'),
(275230, '2021-09-27', 0, 2815, 0, 63, 'AG'),
(275231, '2021-09-28', 108, 2923, 1, 64, 'AG'),
(275232, '2021-09-29', 237, 3160, 12, 76, 'AG'),
(275233, '2021-09-30', 0, 3160, 0, 76, 'AG'),
(275234, '2021-10-01', 71, 3231, 3, 79, 'AG'),
(275235, '2021-10-02', 105, 3336, 2, 81, 'AG'),
(275236, '2021-10-03', 67, 3403, 3, 84, 'AG'),
(275237, '2021-10-04', 100, 3503, 1, 85, 'AG'),
(275238, '2021-10-05', 0, 3503, 0, 85, 'AG'),
(275239, '2021-10-06', 0, 3503, 0, 85, 'AG'),
(275240, '2021-10-07', 15, 3518, 0, 85, 'AG'),
(275241, '2021-10-08', 63, 3581, 2, 87, 'AG'),
(275242, '2021-10-09', 82, 3663, 1, 88, 'AG'),
(275243, '2021-10-10', 75, 3738, 3, 91, 'AG'),
(275244, '2021-10-11', 12, 3750, 2, 93, 'AG'),
(275245, '2021-10-12', 0, 3750, 0, 93, 'AG'),
(275246, '2021-10-13', 22, 3772, 0, 93, 'AG'),
(275247, '2021-10-14', 0, 3772, 0, 93, 'AG'),
(275248, '2021-10-15', 58, 3830, 0, 93, 'AG'),
(275249, '2021-10-16', 0, 3830, 0, 93, 'AG'),
(275250, '2021-10-17', 58, 3888, 2, 95, 'AG'),
(275251, '2021-10-18', 0, 3888, 0, 95, 'AG'),
(275252, '2021-10-19', 30, 3918, 0, 95, 'AG'),
(275253, '2021-10-20', 0, 3918, 0, 95, 'AG'),
(275254, '2021-10-21', 21, 3939, 2, 97, 'AG'),
(275255, '2021-10-22', 45, 3984, 0, 97, 'AG'),
(275256, '2021-10-23', 10, 3994, 0, 97, 'AG'),
(275257, '2021-10-24', 16, 4010, 2, 99, 'AG'),
(275258, '2021-10-25', 9, 4019, 0, 99, 'AG'),
(275259, '2021-10-26', 12, 4031, 0, 99, 'AG'),
(275260, '2021-10-27', 0, 4031, 0, 99, 'AG'),
(275261, '2021-10-28', 0, 4031, 0, 99, 'AG'),
(275835, '2021-07-29', 16757, 4875927, 247, 104352, 'AR'),
(275836, '2021-07-30', 15883, 4891810, 470, 104822, 'AR'),
(275837, '2021-07-31', 14115, 4905925, 291, 105113, 'AR'),
(275838, '2021-08-01', 13483, 4919408, 473, 105586, 'AR'),
(275839, '2021-08-02', 10356, 4929764, 135, 105721, 'AR'),
(275840, '2021-08-03', 6083, 4935847, 51, 105772, 'AR'),
(275841, '2021-08-04', 11183, 4947030, 273, 106045, 'AR'),
(275842, '2021-08-05', 14850, 4961880, 402, 106447, 'AR'),
(275843, '2021-08-06', 13736, 4975616, 300, 106747, 'AR'),
(275844, '2021-08-07', 13786, 4989402, 276, 107023, 'AR'),
(275845, '2021-08-08', 13549, 5002951, 190, 107213, 'AR'),
(275846, '2021-08-09', 9803, 5012754, 89, 107302, 'AR'),
(275847, '2021-08-10', 6141, 5018895, 157, 107459, 'AR'),
(275848, '2021-08-11', 10180, 5029075, 502, 107961, 'AR'),
(275849, '2021-08-12', 12412, 5041487, 204, 108165, 'AR'),
(275850, '2021-08-13', 11397, 5052884, 223, 108388, 'AR'),
(275851, '2021-08-14', 13369, 5066253, 181, 108569, 'AR'),
(275852, '2021-08-15', 8472, 5074725, 246, 108815, 'AR'),
(275853, '2021-08-16', 6183, 5080908, 121, 108936, 'AR'),
(275854, '2021-08-17', 3727, 5084635, 105, 109041, 'AR'),
(275855, '2021-08-18', 3636, 5088271, 64, 109105, 'AR'),
(275856, '2021-08-19', 8172, 5096443, 300, 109405, 'AR'),
(275857, '2021-08-20', 9764, 5106207, 247, 109652, 'AR'),
(275858, '2021-08-21', 10596, 5116803, 189, 109841, 'AR'),
(275859, '2021-08-22', 8160, 5124963, 229, 110070, 'AR'),
(275860, '2021-08-23', 5889, 5130852, 147, 110217, 'AR'),
(275861, '2021-08-24', 2979, 5133831, 135, 110352, 'AR'),
(275862, '2021-08-25', 6135, 5139966, 257, 110609, 'AR'),
(275863, '2021-08-26', 8119, 5148085, 197, 110806, 'AR'),
(275864, '2021-08-27', 6994, 5155079, 160, 110966, 'AR'),
(275865, '2021-08-28', 6847, 5161926, 151, 111117, 'AR'),
(275866, '2021-08-29', 5807, 5167733, 153, 111270, 'AR'),
(275867, '2021-08-30', 3725, 5171458, 54, 111324, 'AR'),
(275868, '2021-08-31', 2073, 5173531, 59, 111383, 'AR'),
(275869, '2021-09-01', 5358, 5178889, 224, 111607, 'AR'),
(275870, '2021-09-02', 6731, 5185620, 205, 111812, 'AR'),
(275871, '2021-09-03', 5328, 5190948, 193, 112005, 'AR'),
(275872, '2021-09-04', 4653, 5195601, 190, 112195, 'AR'),
(275873, '2021-09-05', 4318, 5199919, 161, 112356, 'AR'),
(275874, '2021-09-06', 2486, 5202405, 88, 112444, 'AR'),
(275875, '2021-09-07', 1397, 5203802, 67, 112511, 'AR'),
(275876, '2021-09-08', 3893, 5207695, 162, 112673, 'AR'),
(275877, '2021-09-09', 4106, 5211801, 178, 112851, 'AR'),
(275878, '2021-09-10', 3531, 5215332, 111, 112962, 'AR'),
(275879, '2021-09-11', 3661, 5218993, 137, 113099, 'AR'),
(275880, '2021-09-12', 4611, 5223604, 257, 113356, 'AR'),
(275881, '2021-09-13', 930, 5224534, 46, 113402, 'AR'),
(275882, '2021-09-14', 0, 5224534, 0, 113402, 'AR'),
(275883, '2021-09-15', 2297, 5226831, 238, 113640, 'AR'),
(275884, '2021-09-16', 3017, 5229848, 176, 113816, 'AR'),
(275885, '2021-09-17', 2510, 5232358, 153, 113969, 'AR'),
(275886, '2021-09-18', 2493, 5234851, 132, 114101, 'AR'),
(275887, '2021-09-19', 2308, 5237159, 185, 114286, 'AR'),
(275888, '2021-09-20', 1451, 5238610, 81, 114367, 'AR'),
(275889, '2021-09-21', 622, 5239232, 61, 114428, 'AR'),
(275890, '2021-09-22', 2162, 5241394, 90, 114518, 'AR'),
(275891, '2021-09-23', 1837, 5243231, 61, 114579, 'AR'),
(275892, '2021-09-24', 2034, 5245265, 105, 114684, 'AR'),
(275893, '2021-09-25', 1733, 5246998, 88, 114772, 'AR'),
(275894, '2021-09-26', 2842, 5249840, 77, 114849, 'AR'),
(275895, '2021-09-27', 562, 5250402, 13, 114862, 'AR'),
(275896, '2021-09-28', 0, 5250402, 0, 114862, 'AR'),
(275897, '2021-09-29', 1538, 5251940, 92, 114954, 'AR'),
(275898, '2021-09-30', 1825, 5253765, 84, 115038, 'AR'),
(275899, '2021-10-01', 3137, 5256902, 141, 115179, 'AR'),
(275900, '2021-10-02', 1564, 5258466, 46, 115225, 'AR'),
(275901, '2021-10-03', 886, 5259352, 14, 115239, 'AR'),
(275902, '2021-10-04', 386, 5259738, 6, 115245, 'AR'),
(275903, '2021-10-05', 0, 5259738, 0, 115245, 'AR'),
(275904, '2021-10-06', 981, 5260719, 38, 115283, 'AR'),
(275905, '2021-10-07', 1216, 5261935, 40, 115323, 'AR'),
(275906, '2021-10-08', 1284, 5263219, 56, 115379, 'AR'),
(275907, '2021-10-09', 1086, 5264305, 37, 115416, 'AR'),
(275908, '2021-10-10', 1223, 5265528, 42, 115458, 'AR'),
(275909, '2021-10-11', 747, 5266275, 33, 115491, 'AR'),
(275910, '2021-10-12', 0, 5266275, 0, 115491, 'AR'),
(275911, '2021-10-13', 0, 5266275, 0, 115491, 'AR'),
(275912, '2021-10-14', 1064, 5267339, 56, 115547, 'AR'),
(275913, '2021-10-15', 1314, 5268653, 35, 115582, 'AR'),
(275914, '2021-10-16', 1350, 5270003, 51, 115633, 'AR'),
(275915, '2021-10-17', 1358, 5271361, 27, 115660, 'AR'),
(275916, '2021-10-18', 790, 5272151, 3, 115663, 'AR'),
(275917, '2021-10-19', 400, 5272551, 3, 115666, 'AR'),
(275918, '2021-10-20', 912, 5273463, 38, 115704, 'AR'),
(275919, '2021-10-21', 1303, 5274766, 33, 115737, 'AR'),
(275920, '2021-10-22', 1218, 5275984, 33, 115770, 'AR'),
(275921, '2021-10-23', 1541, 5277525, 26, 115796, 'AR'),
(275922, '2021-10-24', 1385, 5278910, 23, 115819, 'AR'),
(275923, '2021-10-25', 908, 5279818, 4, 115823, 'AR'),
(275924, '2021-10-26', 540, 5280358, 3, 115826, 'AR'),
(275925, '2021-10-27', 1227, 5281585, 25, 115851, 'AR'),
(275926, '2021-10-28', 1415, 5283000, 15, 115866, 'AR'),
(276520, '2021-08-18', 504, 235675, 3, 4716, 'AM'),
(276521, '2021-08-19', 559, 236234, 11, 4727, 'AM'),
(276522, '2021-08-20', 508, 236742, 5, 4732, 'AM'),
(276523, '2021-08-21', 507, 237249, 5, 4737, 'AM'),
(276524, '2021-08-22', 385, 237634, 15, 4752, 'AM'),
(276525, '2021-08-23', 251, 237885, 10, 4762, 'AM'),
(276526, '2021-08-24', 537, 238422, 6, 4768, 'AM'),
(276527, '2021-08-25', 634, 239056, 10, 4778, 'AM'),
(276528, '2021-08-26', 683, 239739, 7, 4785, 'AM'),
(276529, '2021-08-27', 522, 240261, 11, 4796, 'AM'),
(276530, '2021-08-28', 692, 240953, 16, 4812, 'AM'),
(276531, '2021-08-29', 383, 241336, 11, 4823, 'AM'),
(276532, '2021-08-30', 275, 241611, 7, 4830, 'AM'),
(276533, '2021-08-31', 524, 242135, 14, 4844, 'AM'),
(276534, '2021-09-01', 615, 242750, 13, 4857, 'AM'),
(276535, '2021-09-02', 636, 243386, 19, 4876, 'AM'),
(276536, '2021-09-03', 595, 243981, 16, 4892, 'AM'),
(276537, '2021-09-04', 621, 244602, 12, 4904, 'AM'),
(276538, '2021-09-05', 423, 245025, 7, 4911, 'AM'),
(276539, '2021-09-06', 239, 245264, 13, 4924, 'AM'),
(276540, '2021-09-07', 501, 245765, 15, 4939, 'AM'),
(276541, '2021-09-08', 645, 246410, 15, 4954, 'AM'),
(276542, '2021-09-09', 587, 246997, 14, 4968, 'AM'),
(276543, '2021-09-10', 669, 247666, 11, 4979, 'AM'),
(276544, '2021-09-11', 731, 248397, 16, 4995, 'AM'),
(276545, '2021-09-12', 453, 248850, 7, 5002, 'AM'),
(276546, '2021-09-13', 296, 249146, 16, 5018, 'AM'),
(276547, '2021-09-14', 657, 249803, 16, 5034, 'AM'),
(276548, '2021-09-15', 756, 250559, 22, 5056, 'AM'),
(276549, '2021-09-16', 764, 251323, 19, 5075, 'AM'),
(276550, '2021-09-17', 759, 252082, 26, 5101, 'AM'),
(276551, '2021-09-18', 1011, 253093, 16, 5117, 'AM'),
(276552, '2021-09-19', 507, 253600, 14, 5131, 'AM'),
(276553, '2021-09-20', 342, 253942, 12, 5143, 'AM'),
(276554, '2021-09-21', 494, 254436, 18, 5161, 'AM'),
(276555, '2021-09-22', 273, 254709, 20, 5181, 'AM'),
(276556, '2021-09-23', 939, 255648, 19, 5200, 'AM'),
(276557, '2021-09-24', 906, 256554, 16, 5216, 'AM'),
(276558, '2021-09-25', 1066, 257620, 23, 5239, 'AM'),
(276559, '2021-09-26', 925, 258545, 12, 5251, 'AM'),
(276560, '2021-09-27', 462, 259007, 13, 5264, 'AM'),
(276561, '2021-09-28', 772, 259779, 13, 5277, 'AM'),
(276562, '2021-09-29', 896, 260675, 22, 5299, 'AM'),
(276563, '2021-09-30', 1022, 261697, 20, 5319, 'AM'),
(276564, '2021-10-01', 934, 262631, 20, 5339, 'AM'),
(276565, '2021-10-02', 1152, 263783, 15, 5354, 'AM'),
(276566, '2021-10-03', 907, 264690, 18, 5372, 'AM'),
(276567, '2021-10-04', 627, 265317, 25, 5397, 'AM'),
(276568, '2021-10-05', 891, 266208, 22, 5419, 'AM'),
(276569, '2021-10-06', 1155, 267363, 21, 5440, 'AM'),
(276570, '2021-10-07', 1309, 268672, 26, 5466, 'AM'),
(276571, '2021-10-08', 1202, 269874, 33, 5499, 'AM'),
(276572, '2021-10-09', 1331, 271205, 30, 5529, 'AM'),
(276573, '2021-10-10', 1151, 272356, 20, 5549, 'AM'),
(276574, '2021-10-11', 601, 272957, 26, 5575, 'AM'),
(276575, '2021-10-12', 903, 273860, 43, 5618, 'AM'),
(276576, '2021-10-13', 1217, 275077, 28, 5646, 'AM'),
(276577, '2021-10-14', 1589, 276666, 29, 5675, 'AM'),
(276578, '2021-10-15', 1765, 278431, 38, 5713, 'AM'),
(276579, '2021-10-16', 1863, 280294, 41, 5754, 'AM'),
(276580, '2021-10-17', 1697, 281991, 24, 5778, 'AM'),
(276581, '2021-10-18', 1192, 283183, 27, 5805, 'AM'),
(276582, '2021-10-19', 1054, 284237, 37, 5842, 'AM'),
(276583, '2021-10-20', 2066, 286303, 28, 5870, 'AM'),
(276584, '2021-10-21', 2603, 288906, 32, 5902, 'AM'),
(276585, '2021-10-22', 2146, 291052, 42, 5944, 'AM'),
(276586, '2021-10-23', 1962, 293014, 31, 5975, 'AM'),
(276587, '2021-10-24', 2354, 295368, 38, 6013, 'AM'),
(276588, '2021-10-25', 1184, 296552, 42, 6055, 'AM'),
(276589, '2021-10-26', 1517, 298069, 57, 6112, 'AM'),
(276590, '2021-10-27', 2074, 300143, 39, 6151, 'AM'),
(276591, '2021-10-28', 2307, 302450, 38, 6189, 'AM'),
(277140, '2021-07-04', 0, 11140, 0, 107, 'AW'),
(277141, '2021-07-05', 0, 11140, 0, 107, 'AW'),
(277142, '2021-07-06', 4, 11144, 0, 107, 'AW'),
(277143, '2021-07-07', 0, 11144, 0, 107, 'AW'),
(277144, '2021-07-08', 0, 11144, 0, 107, 'AW'),
(277145, '2021-07-09', 17, 11161, 0, 107, 'AW'),
(277146, '2021-07-10', 0, 11161, 0, 107, 'AW'),
(277147, '2021-07-11', 0, 11161, 0, 107, 'AW'),
(277148, '2021-07-12', 0, 11161, 0, 107, 'AW'),
(277149, '2021-07-13', 8, 11169, 0, 107, 'AW'),
(277150, '2021-07-14', 8, 11177, 0, 107, 'AW'),
(277151, '2021-07-15', 0, 11177, 0, 107, 'AW'),
(277152, '2021-07-16', 8, 11185, 1, 108, 'AW'),
(277153, '2021-07-17', 13, 11198, 0, 108, 'AW'),
(277154, '2021-07-18', 0, 11198, 0, 108, 'AW'),
(277155, '2021-07-19', 0, 11198, 0, 108, 'AW'),
(277156, '2021-07-20', 36, 11234, 0, 108, 'AW'),
(277157, '2021-07-21', 0, 11234, 0, 108, 'AW'),
(277158, '2021-07-22', 22, 11256, 1, 109, 'AW'),
(277159, '2021-07-23', 15, 11271, 0, 109, 'AW'),
(277160, '2021-07-24', 21, 11292, 0, 109, 'AW'),
(277161, '2021-07-25', 0, 11292, 0, 109, 'AW'),
(277162, '2021-07-26', 0, 11292, 0, 109, 'AW'),
(277163, '2021-07-27', 33, 11325, 0, 109, 'AW'),
(277164, '2021-07-28', 80, 11405, 0, 109, 'AW'),
(277165, '2021-07-29', 55, 11460, 0, 109, 'AW'),
(277166, '2021-07-30', 61, 11521, 0, 109, 'AW'),
(277167, '2021-07-31', 63, 11584, 0, 109, 'AW'),
(277168, '2021-08-01', 0, 11584, 0, 109, 'AW'),
(277169, '2021-08-02', 0, 11584, 0, 109, 'AW'),
(277170, '2021-08-03', 181, 11765, 1, 110, 'AW'),
(277171, '2021-08-04', 42, 11807, 1, 111, 'AW'),
(277172, '2021-08-05', 70, 11877, 0, 111, 'AW'),
(277173, '2021-08-06', 123, 12000, 0, 111, 'AW'),
(277174, '2021-08-07', 128, 12128, 0, 111, 'AW'),
(277175, '2021-08-08', 0, 12128, 0, 111, 'AW'),
(277176, '2021-08-09', 0, 12128, 0, 111, 'AW'),
(277177, '2021-08-10', 327, 12455, 0, 111, 'AW'),
(277178, '2021-08-11', 74, 12529, 0, 111, 'AW'),
(277179, '2021-08-12', 107, 12636, 0, 111, 'AW'),
(277180, '2021-08-13', 155, 12791, 2, 113, 'AW'),
(277181, '2021-08-14', 138, 12929, 2, 115, 'AW'),
(277182, '2021-08-15', 0, 12929, 0, 115, 'AW'),
(277183, '2021-08-16', 0, 12929, 0, 115, 'AW'),
(277184, '2021-08-17', 421, 13350, 4, 119, 'AW'),
(277185, '2021-08-18', 56, 13406, 2, 121, 'AW'),
(277186, '2021-08-19', 105, 13511, 0, 121, 'AW'),
(277187, '2021-08-20', 110, 13621, 0, 121, 'AW'),
(277188, '2021-08-21', 98, 13719, 3, 124, 'AW'),
(277189, '2021-08-22', 0, 13719, 0, 124, 'AW'),
(277190, '2021-08-23', 0, 13719, 0, 124, 'AW'),
(277191, '2021-08-24', 284, 14003, 2, 126, 'AW'),
(277192, '2021-08-25', 57, 14060, 2, 128, 'AW'),
(277193, '2021-08-26', 93, 14153, 0, 128, 'AW'),
(277194, '2021-08-27', 78, 14231, 4, 132, 'AW'),
(277195, '2021-08-28', 87, 14318, 1, 133, 'AW'),
(277196, '2021-08-29', 0, 14318, 0, 133, 'AW'),
(277197, '2021-08-30', 0, 14318, 0, 133, 'AW'),
(277198, '2021-08-31', 147, 14465, 4, 137, 'AW'),
(277199, '2021-09-01', 43, 14508, 2, 139, 'AW'),
(277200, '2021-09-02', 68, 14576, 7, 146, 'AW'),
(277201, '2021-09-03', 0, 14576, 0, 146, 'AW'),
(277202, '2021-09-04', 143, 14719, 2, 148, 'AW'),
(277203, '2021-09-05', 0, 14719, 0, 148, 'AW'),
(277204, '2021-09-06', 0, 14719, 0, 148, 'AW'),
(277205, '2021-09-07', 123, 14842, 2, 150, 'AW'),
(277206, '2021-09-08', 19, 14861, 1, 151, 'AW'),
(277207, '2021-09-09', 52, 14913, 0, 151, 'AW'),
(277208, '2021-09-10', 42, 14955, 2, 153, 'AW'),
(277209, '2021-09-11', 36, 14991, 1, 154, 'AW'),
(277210, '2021-09-12', 0, 14991, 0, 154, 'AW'),
(277211, '2021-09-13', 0, 14991, 0, 154, 'AW'),
(277212, '2021-09-14', 85, 15076, 1, 155, 'AW'),
(277213, '2021-09-15', 16, 15092, 0, 155, 'AW'),
(277214, '2021-09-16', 37, 15129, 0, 155, 'AW'),
(277215, '2021-09-17', 26, 15155, 1, 156, 'AW'),
(277216, '2021-09-18', 22, 15177, 0, 156, 'AW'),
(277217, '2021-09-19', 0, 15177, 0, 156, 'AW'),
(277218, '2021-09-20', 0, 15177, 0, 156, 'AW'),
(277219, '2021-09-21', 72, 15249, 2, 158, 'AW'),
(277220, '2021-09-22', 25, 15274, 1, 159, 'AW'),
(277221, '2021-09-23', 31, 15305, 0, 159, 'AW'),
(277222, '2021-09-24', 28, 15333, 1, 160, 'AW'),
(277223, '2021-09-25', 18, 15351, 0, 160, 'AW'),
(277224, '2021-09-26', 0, 15351, 0, 160, 'AW'),
(277225, '2021-09-27', 0, 15351, 0, 160, 'AW'),
(277226, '2021-09-28', 65, 15416, 5, 165, 'AW'),
(277227, '2021-09-29', 16, 15432, 1, 166, 'AW'),
(277228, '2021-09-30', 16, 15448, 0, 166, 'AW'),
(277229, '2021-10-01', 24, 15472, 0, 166, 'AW'),
(277230, '2021-10-02', 28, 15500, 0, 166, 'AW'),
(277231, '2021-10-03', 0, 15500, 0, 166, 'AW'),
(277232, '2021-10-04', 0, 15500, 0, 166, 'AW'),
(277233, '2021-10-05', 36, 15536, 1, 167, 'AW'),
(277234, '2021-10-06', 0, 15536, 0, 167, 'AW'),
(277235, '2021-10-07', 24, 15560, 1, 168, 'AW'),
(277236, '2021-10-08', 18, 15578, 0, 168, 'AW'),
(277237, '2021-10-09', 9, 15587, 1, 169, 'AW'),
(277238, '2021-10-10', 0, 15587, 0, 169, 'AW'),
(277239, '2021-10-11', 0, 15587, 0, 169, 'AW'),
(277240, '2021-10-12', 0, 15587, 0, 169, 'AW'),
(277241, '2021-10-13', 58, 15645, 1, 170, 'AW'),
(277242, '2021-10-14', 18, 15663, 0, 170, 'AW'),
(277243, '2021-10-15', 18, 15681, 0, 170, 'AW'),
(277244, '2021-10-16', 11, 15692, 0, 170, 'AW'),
(277245, '2021-10-17', 0, 15692, 0, 170, 'AW'),
(277246, '2021-10-18', 0, 15692, 0, 170, 'AW'),
(277247, '2021-10-19', 28, 15720, 0, 170, 'AW'),
(277248, '2021-10-20', 12, 15732, 0, 170, 'AW'),
(277249, '2021-10-21', 14, 15746, 0, 170, 'AW'),
(277250, '2021-10-22', 19, 15765, 0, 170, 'AW'),
(277251, '2021-10-23', 14, 15779, 1, 171, 'AW'),
(277252, '2021-10-24', 0, 15779, 0, 171, 'AW'),
(277253, '2021-10-25', 0, 15779, 0, 171, 'AW'),
(277254, '2021-10-26', 28, 15807, 0, 171, 'AW'),
(277255, '2021-10-27', 8, 15815, 0, 171, 'AW'),
(277256, '2021-10-28', 33, 15848, 0, 171, 'AW'),
(277863, '2021-08-31', 1351, 52594, 3, 1002, 'AU'),
(277864, '2021-09-01', 1235, 53829, 4, 1006, 'AU'),
(277865, '2021-09-02', 1253, 55082, 6, 1012, 'AU'),
(277866, '2021-09-03', 1482, 56564, 7, 1019, 'AU'),
(277867, '2021-09-04', 1627, 58191, 13, 1032, 'AU'),
(277868, '2021-09-05', 1731, 59922, 4, 1036, 'AU'),
(277869, '2021-09-06', 1684, 61606, 3, 1039, 'AU'),
(277870, '2021-09-07', 1528, 63134, 5, 1044, 'AU'),
(277871, '2021-09-08', 1462, 64596, 9, 1053, 'AU'),
(277872, '2021-09-09', 1697, 66293, 7, 1060, 'AU'),
(277873, '2021-09-10', 1717, 68010, 6, 1066, 'AU'),
(277874, '2021-09-11', 1908, 69918, 10, 1076, 'AU'),
(277875, '2021-09-12', 2014, 71932, 8, 1084, 'AU'),
(277876, '2021-09-13', 1641, 73573, 7, 1091, 'AU'),
(277877, '2021-09-14', 1716, 75289, 7, 1098, 'AU'),
(277878, '2021-09-15', 1557, 76846, 4, 1102, 'AU'),
(277879, '2021-09-16', 1671, 78517, 14, 1116, 'AU'),
(277880, '2021-09-17', 1885, 80402, 12, 1128, 'AU'),
(277881, '2021-09-18', 1769, 82171, 10, 1138, 'AU'),
(277882, '2021-09-19', 1848, 84019, 10, 1148, 'AU'),
(277883, '2021-09-20', 1567, 85586, 14, 1162, 'AU'),
(277884, '2021-09-21', 1481, 87067, 5, 1167, 'AU'),
(277885, '2021-09-22', 1621, 88688, 11, 1178, 'AU'),
(277886, '2021-09-23', 1641, 90329, 8, 1186, 'AU'),
(277887, '2021-09-24', 1850, 92179, 10, 1196, 'AU'),
(277888, '2021-09-25', 1741, 93920, 12, 1208, 'AU'),
(277889, '2021-09-26', 1850, 95770, 12, 1220, 'AU'),
(277890, '2021-09-27', 1749, 97519, 11, 1231, 'AU'),
(277891, '2021-09-28', 1491, 99010, 14, 1245, 'AU'),
(277892, '2021-09-29', 1874, 100884, 11, 1256, 'AU'),
(277893, '2021-09-30', 1820, 102704, 22, 1278, 'AU'),
(277894, '2021-10-01', 2389, 105093, 11, 1289, 'AU'),
(277895, '2021-10-02', 1862, 106955, 18, 1307, 'AU'),
(277896, '2021-10-03', 2505, 109460, 14, 1321, 'AU'),
(277897, '2021-10-04', 1909, 111369, 13, 1334, 'AU'),
(277898, '2021-10-05', 2025, 113394, 10, 1344, 'AU'),
(277899, '2021-10-06', 2386, 115780, 13, 1357, 'AU'),
(277900, '2021-10-07', 1990, 117770, 16, 1373, 'AU'),
(277901, '2021-10-08', 2273, 120043, 16, 1389, 'AU'),
(277902, '2021-10-09', 2463, 122506, 16, 1405, 'AU'),
(277903, '2021-10-10', 2545, 125051, 16, 1421, 'AU'),
(277904, '2021-10-11', 2372, 127423, 11, 1432, 'AU'),
(277905, '2021-10-12', 2096, 129519, 16, 1448, 'AU'),
(277906, '2021-10-13', 1851, 131370, 13, 1461, 'AU'),
(277907, '2021-10-14', 2013, 133383, 0, 1461, 'AU'),
(277908, '2021-10-15', 2752, 136135, 35, 1496, 'AU'),
(277909, '2021-10-16', 2556, 138691, 10, 1506, 'AU'),
(277910, '2021-10-17', 2271, 140962, 9, 1515, 'AU'),
(277911, '2021-10-18', 2115, 143077, 16, 1531, 'AU'),
(277912, '2021-10-19', 2151, 145228, 12, 1543, 'AU'),
(277913, '2021-10-20', 2020, 147248, 15, 1558, 'AU'),
(277914, '2021-10-21', 2052, 149300, 19, 1577, 'AU'),
(277915, '2021-10-22', 2643, 151943, 13, 1590, 'AU'),
(277916, '2021-10-23', 2322, 154265, 21, 1611, 'AU'),
(277917, '2021-10-24', 2041, 156306, 11, 1622, 'AU'),
(277918, '2021-10-25', 2160, 158466, 15, 1637, 'AU'),
(277919, '2021-10-26', 1741, 160207, 11, 1648, 'AU'),
(277920, '2021-10-27', 1712, 161919, 5, 1653, 'AU'),
(277921, '2021-10-28', 1850, 163769, 16, 1669, 'AU'),
(278500, '2021-08-03', 346, 655465, 1, 10520, 'AT'),
(278501, '2021-08-04', 402, 655867, 2, 10522, 'AT'),
(278502, '2021-08-05', 594, 656461, 1, 10523, 'AT'),
(278503, '2021-08-06', 498, 656959, 2, 10525, 'AT'),
(278504, '2021-08-07', 600, 657559, 1, 10526, 'AT'),
(278505, '2021-08-08', 571, 658130, 1, 10527, 'AT'),
(278506, '2021-08-09', 562, 658692, 1, 10528, 'AT'),
(278507, '2021-08-10', 437, 659129, 1, 10529, 'AT'),
(278508, '2021-08-11', 614, 659743, 1, 10530, 'AT'),
(278509, '2021-08-12', 873, 660616, 1, 10531, 'AT'),
(278510, '2021-08-13', 859, 661475, 0, 10531, 'AT'),
(278511, '2021-08-14', 967, 662442, 2, 10533, 'AT'),
(278512, '2021-08-15', 950, 663392, 2, 10535, 'AT'),
(278513, '2021-08-16', 826, 664218, 2, 10537, 'AT'),
(278514, '2021-08-17', 794, 665012, 0, 10537, 'AT'),
(278515, '2021-08-18', 877, 665889, 0, 10537, 'AT'),
(278516, '2021-08-19', 1212, 667101, 0, 10537, 'AT'),
(278517, '2021-08-20', 1289, 668390, 0, 10537, 'AT'),
(278518, '2021-08-21', 1304, 669694, 2, 10539, 'AT'),
(278519, '2021-08-22', 1286, 670980, 1, 10540, 'AT'),
(278520, '2021-08-23', 1105, 672085, 2, 10542, 'AT'),
(278521, '2021-08-24', 982, 673067, 2, 10544, 'AT'),
(278522, '2021-08-25', 1150, 674217, 3, 10547, 'AT'),
(278523, '2021-08-26', 1617, 675834, 2, 10549, 'AT'),
(278524, '2021-08-27', 1450, 677284, 3, 10552, 'AT'),
(278525, '2021-08-28', 1402, 678686, 2, 10554, 'AT'),
(278526, '2021-08-29', 1378, 680064, 6, 10560, 'AT'),
(278527, '2021-08-30', 1347, 681411, 6, 10566, 'AT'),
(278528, '2021-08-31', 1090, 682501, 2, 10568, 'AT'),
(278529, '2021-09-01', 1288, 683789, 2, 10570, 'AT'),
(278530, '2021-09-02', 1866, 685655, 3, 10573, 'AT'),
(278531, '2021-09-03', 1588, 687243, 2, 10575, 'AT'),
(278532, '2021-09-04', 1717, 688960, 7, 10582, 'AT'),
(278533, '2021-09-05', 1975, 690935, 4, 10586, 'AT'),
(278534, '2021-09-06', 1611, 692546, 5, 10591, 'AT'),
(278535, '2021-09-07', 1363, 693909, 5, 10596, 'AT'),
(278536, '2021-09-08', 1496, 695405, 8, 10604, 'AT'),
(278537, '2021-09-09', 2505, 697910, 6, 10610, 'AT'),
(278538, '2021-09-10', 2157, 700067, 3, 10613, 'AT'),
(278539, '2021-09-11', 2259, 702326, 5, 10618, 'AT'),
(278540, '2021-09-12', 2431, 704757, 5, 10623, 'AT'),
(278541, '2021-09-13', 1891, 706648, 0, 10623, 'AT'),
(278542, '2021-09-14', 1227, 707875, 4, 10627, 'AT'),
(278543, '2021-09-15', 1859, 709734, 7, 10634, 'AT'),
(278544, '2021-09-16', 2638, 712372, 8, 10642, 'AT'),
(278545, '2021-09-17', 2283, 714655, 8, 10650, 'AT'),
(278546, '2021-09-18', 2235, 716890, 9, 10659, 'AT'),
(278547, '2021-09-19', 2072, 718962, 5, 10664, 'AT'),
(278548, '2021-09-20', 1708, 720670, 7, 10671, 'AT'),
(278549, '2021-09-21', 1162, 721832, 7, 10678, 'AT'),
(278550, '2021-09-22', 1242, 723074, 17, 10695, 'AT'),
(278551, '2021-09-23', 2089, 725163, 12, 10707, 'AT'),
(278552, '2021-09-24', 1708, 726871, 9, 10716, 'AT'),
(278553, '2021-09-25', 1803, 728674, 10, 10726, 'AT'),
(278554, '2021-09-26', 2029, 730703, 4, 10730, 'AT'),
(278555, '2021-09-27', 1556, 732259, 6, 10736, 'AT'),
(278556, '2021-09-28', 1267, 733526, 5, 10741, 'AT'),
(278557, '2021-09-29', 1338, 734864, 7, 10748, 'AT'),
(278558, '2021-09-30', 2536, 737400, 14, 10762, 'AT'),
(278559, '2021-10-01', 1997, 739397, 6, 10768, 'AT'),
(278560, '2021-10-02', 1953, 741350, 4, 10772, 'AT'),
(278561, '2021-10-03', 2000, 743350, 7, 10779, 'AT'),
(278562, '2021-10-04', 1532, 744882, 5, 10784, 'AT'),
(278563, '2021-10-05', 1143, 746025, 11, 10795, 'AT'),
(278564, '2021-10-06', 1175, 747200, 9, 10804, 'AT'),
(278565, '2021-10-07', 2924, 750124, 15, 10819, 'AT'),
(278566, '2021-10-08', 2040, 752164, 8, 10827, 'AT'),
(278567, '2021-10-09', 1890, 754054, 16, 10843, 'AT'),
(278568, '2021-10-10', 1833, 755887, 7, 10850, 'AT'),
(278569, '2021-10-11', 1696, 757583, 3, 10853, 'AT'),
(278570, '2021-10-12', 1209, 758792, 14, 10867, 'AT'),
(278571, '2021-10-13', 1420, 760212, 8, 10875, 'AT'),
(278572, '2021-10-14', 2719, 762931, 11, 10886, 'AT'),
(278573, '2021-10-15', 2210, 765141, 17, 10903, 'AT'),
(278574, '2021-10-16', 2495, 767636, 16, 10919, 'AT'),
(278575, '2021-10-17', 2451, 770087, 4, 10923, 'AT'),
(278576, '2021-10-18', 2257, 772344, 9, 10932, 'AT'),
(278577, '2021-10-19', 1797, 774141, 13, 10945, 'AT'),
(278578, '2021-10-20', 2605, 776746, 9, 10954, 'AT'),
(278579, '2021-10-21', 3865, 780611, 14, 10968, 'AT'),
(278580, '2021-10-22', 3818, 784429, 8, 10976, 'AT'),
(278581, '2021-10-23', 3550, 787979, 11, 10987, 'AT'),
(278582, '2021-10-24', 3731, 791710, 8, 10995, 'AT'),
(278583, '2021-10-25', 3655, 795365, 1, 10996, 'AT'),
(278584, '2021-10-26', 2765, 798130, 15, 11011, 'AT'),
(278585, '2021-10-27', 3388, 801518, 13, 11024, 'AT'),
(278586, '2021-10-28', 4407, 805925, 18, 11042, 'AT'),
(279223, '2021-09-30', 842, 483128, 15, 6513, 'AZ'),
(279224, '2021-10-01', 774, 483902, 12, 6525, 'AZ'),
(279225, '2021-10-02', 689, 484591, 18, 6543, 'AZ'),
(279226, '2021-10-03', 684, 485275, 16, 6559, 'AZ'),
(279227, '2021-10-04', 712, 485987, 14, 6573, 'AZ'),
(279228, '2021-10-05', 391, 486378, 11, 6584, 'AZ'),
(279229, '2021-10-06', 826, 487204, 15, 6599, 'AZ'),
(279230, '2021-10-07', 1009, 488213, 12, 6611, 'AZ'),
(279231, '2021-10-08', 1013, 489226, 14, 6625, 'AZ'),
(279232, '2021-10-09', 904, 490130, 13, 6638, 'AZ'),
(279233, '2021-10-10', 1017, 491147, 16, 6654, 'AZ'),
(279234, '2021-10-11', 1032, 492179, 10, 6664, 'AZ'),
(279235, '2021-10-12', 611, 492790, 13, 6677, 'AZ'),
(279236, '2021-10-13', 1277, 494067, 15, 6692, 'AZ'),
(279237, '2021-10-14', 1265, 495332, 17, 6709, 'AZ'),
(279238, '2021-10-15', 1448, 496780, 11, 6720, 'AZ'),
(279239, '2021-10-16', 1850, 498630, 14, 6734, 'AZ'),
(279240, '2021-10-17', 1681, 500311, 12, 6746, 'AZ'),
(279241, '2021-10-18', 1896, 502207, 19, 6765, 'AZ'),
(279242, '2021-10-19', 1245, 503452, 13, 6778, 'AZ'),
(279243, '2021-10-20', 2102, 505554, 15, 6793, 'AZ'),
(279244, '2021-10-21', 2303, 507857, 16, 6809, 'AZ'),
(279245, '2021-10-22', 2005, 509862, 20, 6829, 'AZ'),
(279246, '2021-10-23', 2112, 511974, 18, 6847, 'AZ'),
(279247, '2021-10-24', 2315, 514289, 22, 6869, 'AZ'),
(279248, '2021-10-25', 2036, 516325, 25, 6894, 'AZ'),
(279249, '2021-10-26', 1477, 517802, 21, 6915, 'AZ'),
(279250, '2021-10-27', 2266, 520068, 24, 6939, 'AZ'),
(279251, '2021-10-28', 2300, 522368, 27, 6966, 'AZ'),
(279888, '2021-09-30', 77, 20984, 8, 531, 'BS'),
(279889, '2021-10-01', 130, 21114, 2, 533, 'BS'),
(279890, '2021-10-02', 84, 21198, 4, 537, 'BS'),
(279891, '2021-10-03', 67, 21265, 18, 555, 'BS'),
(279892, '2021-10-04', 47, 21312, 2, 557, 'BS'),
(279893, '2021-10-05', 50, 21362, 2, 559, 'BS'),
(279894, '2021-10-06', 53, 21415, 17, 576, 'BS'),
(279895, '2021-10-07', 43, 21458, 6, 582, 'BS'),
(279896, '2021-10-08', 60, 21518, 4, 586, 'BS'),
(279897, '2021-10-09', 108, 21626, 8, 594, 'BS'),
(279898, '2021-10-10', 65, 21691, 6, 600, 'BS'),
(279899, '2021-10-11', 32, 21723, 5, 605, 'BS'),
(279900, '2021-10-12', 57, 21780, 3, 608, 'BS'),
(279901, '2021-10-13', 35, 21815, 0, 608, 'BS'),
(279902, '2021-10-14', 47, 21862, 14, 622, 'BS'),
(279903, '2021-10-15', 64, 21926, 0, 622, 'BS'),
(279904, '2021-10-16', 0, 21926, 0, 622, 'BS'),
(279905, '2021-10-17', 28, 21954, 4, 626, 'BS'),
(279906, '2021-10-18', 24, 21978, 0, 626, 'BS'),
(279907, '2021-10-19', 54, 22032, 0, 626, 'BS'),
(279908, '2021-10-20', 16, 22048, 0, 626, 'BS'),
(279909, '2021-10-21', 44, 22092, 0, 626, 'BS'),
(279910, '2021-10-22', 62, 22154, 4, 630, 'BS'),
(279911, '2021-10-23', 25, 22179, 12, 642, 'BS'),
(279912, '2021-10-24', 48, 22227, 0, 642, 'BS'),
(279913, '2021-10-25', 32, 22259, 0, 642, 'BS'),
(279914, '2021-10-26', 0, 22259, 0, 642, 'BS'),
(279915, '2021-10-27', 0, 22259, 0, 642, 'BS'),
(279916, '2021-10-28', 0, 22259, 0, 642, 'BS'),
(280552, '2021-09-29', 48, 274925, 0, 1389, 'BH'),
(280553, '2021-09-30', 56, 274981, 0, 1389, 'BH'),
(280554, '2021-10-01', 76, 275057, 0, 1389, 'BH'),
(280555, '2021-10-02', 73, 275130, 0, 1389, 'BH'),
(280556, '2021-10-03', 45, 275175, 0, 1389, 'BH'),
(280557, '2021-10-04', 62, 275237, 0, 1389, 'BH'),
(280558, '2021-10-05', 42, 275279, 0, 1389, 'BH'),
(280559, '2021-10-06', 70, 275349, 0, 1389, 'BH'),
(280560, '2021-10-07', 45, 275394, 1, 1390, 'BH'),
(280561, '2021-10-08', 64, 275458, 0, 1390, 'BH'),
(280562, '2021-10-09', 80, 275538, 0, 1390, 'BH'),
(280563, '2021-10-10', 59, 275597, 0, 1390, 'BH'),
(280564, '2021-10-11', 57, 275654, 0, 1390, 'BH'),
(280565, '2021-10-12', 80, 275734, 0, 1390, 'BH'),
(280566, '2021-10-13', 69, 275803, 0, 1390, 'BH'),
(280567, '2021-10-14', 59, 275862, 0, 1390, 'BH'),
(280568, '2021-10-15', 50, 275912, 1, 1391, 'BH'),
(280569, '2021-10-16', 63, 275975, 0, 1391, 'BH'),
(280570, '2021-10-17', 55, 276030, 0, 1391, 'BH'),
(280571, '2021-10-18', 88, 276118, 0, 1391, 'BH'),
(280572, '2021-10-19', 70, 276188, 0, 1391, 'BH'),
(280573, '2021-10-20', 74, 276262, 1, 1392, 'BH'),
(280574, '2021-10-21', 74, 276336, 0, 1392, 'BH'),
(280575, '2021-10-22', 59, 276395, 0, 1392, 'BH'),
(280576, '2021-10-23', 66, 276461, 1, 1393, 'BH'),
(280577, '2021-10-24', 65, 276526, 0, 1393, 'BH'),
(280578, '2021-10-25', 45, 276571, 0, 1393, 'BH'),
(280579, '2021-10-26', 37, 276608, 0, 1393, 'BH'),
(280580, '2021-10-27', 27, 276635, 0, 1393, 'BH'),
(280581, '2021-10-28', 50, 276685, 0, 1393, 'BH'),
(281212, '2021-09-24', 1233, 1549553, 31, 27368, 'BD'),
(281213, '2021-09-25', 818, 1550371, 25, 27393, 'BD'),
(281214, '2021-09-26', 980, 1551351, 21, 27414, 'BD'),
(281215, '2021-09-27', 1212, 1552563, 25, 27439, 'BD'),
(281216, '2021-09-28', 1310, 1553873, 31, 27470, 'BD'),
(281217, '2021-09-29', 1178, 1555051, 17, 27487, 'BD'),
(281218, '2021-09-30', 860, 1555911, 23, 27510, 'BD'),
(281219, '2021-10-01', 847, 1556758, 21, 27531, 'BD'),
(281220, '2021-10-02', 589, 1557347, 24, 27555, 'BD'),
(281221, '2021-10-03', 617, 1557964, 18, 27573, 'BD'),
(281222, '2021-10-04', 794, 1558758, 18, 27591, 'BD'),
(281223, '2021-10-05', 694, 1559452, 23, 27614, 'BD'),
(281224, '2021-10-06', 703, 1560155, 21, 27635, 'BD'),
(281225, '2021-10-07', 663, 1560818, 12, 27647, 'BD'),
(281226, '2021-10-08', 645, 1561463, 7, 27654, 'BD'),
(281227, '2021-10-09', 415, 1561878, 40, 27694, 'BD'),
(281228, '2021-10-10', 481, 1562359, -6, 27688, 'BD'),
(281229, '2021-10-11', 599, 1562958, 11, 27699, 'BD'),
(281230, '2021-10-12', 543, 1563501, 14, 27713, 'BD'),
(281231, '2021-10-13', 518, 1564019, 17, 27730, 'BD'),
(281232, '2021-10-14', 466, 1564485, 7, 27737, 'BD'),
(281233, '2021-10-15', 396, 1564881, 9, 27746, 'BD'),
(281234, '2021-10-16', 293, 1565174, 6, 27752, 'BD'),
(281235, '2021-10-17', 314, 1565488, 16, 27768, 'BD'),
(281236, '2021-10-18', 339, 1565827, 10, 27778, 'BD'),
(281237, '2021-10-19', 469, 1566296, 7, 27785, 'BD'),
(281238, '2021-10-20', 368, 1566664, 6, 27791, 'BD'),
(281239, '2021-10-21', 243, 1566907, 10, 27801, 'BD'),
(281240, '2021-10-22', 232, 1567139, 4, 27805, 'BD');
INSERT INTO `report` (`id_report`, `date`, `new_cases`, `cumulative_cases`, `new_deaths`, `cumulative_deaths`, `id_country_country`) VALUES
(281241, '2021-10-23', 278, 1567417, 9, 27814, 'BD'),
(281242, '2021-10-24', 275, 1567692, 9, 27823, 'BD'),
(281243, '2021-10-25', 289, 1567981, 5, 27828, 'BD'),
(281244, '2021-10-26', 276, 1568257, 6, 27834, 'BD'),
(281245, '2021-10-27', 306, 1568563, 7, 27841, 'BD'),
(281246, '2021-10-28', 294, 1568857, 6, 27847, 'BD'),
(281840, '2021-08-18', 33, 4581, 0, 48, 'BB'),
(281841, '2021-08-19', 0, 4581, 0, 48, 'BB'),
(281842, '2021-08-20', 13, 4594, 0, 48, 'BB'),
(281843, '2021-08-21', 15, 4609, 0, 48, 'BB'),
(281844, '2021-08-22', 19, 4628, 0, 48, 'BB'),
(281845, '2021-08-23', 12, 4640, 0, 48, 'BB'),
(281846, '2021-08-24', 12, 4652, 0, 48, 'BB'),
(281847, '2021-08-25', 16, 4668, 0, 48, 'BB'),
(281848, '2021-08-26', 26, 4694, 0, 48, 'BB'),
(281849, '2021-08-27', 26, 4720, 0, 48, 'BB'),
(281850, '2021-08-28', 21, 4741, 0, 48, 'BB'),
(281851, '2021-08-29', 48, 4789, 0, 48, 'BB'),
(281852, '2021-08-30', 92, 4881, 0, 48, 'BB'),
(281853, '2021-08-31', 50, 4931, 0, 48, 'BB'),
(281854, '2021-09-01', 37, 4968, 2, 50, 'BB'),
(281855, '2021-09-02', 64, 5032, 0, 50, 'BB'),
(281856, '2021-09-03', 40, 5072, 1, 51, 'BB'),
(281857, '2021-09-04', 80, 5152, 0, 51, 'BB'),
(281858, '2021-09-05', 31, 5183, 0, 51, 'BB'),
(281859, '2021-09-06', 65, 5248, 0, 51, 'BB'),
(281860, '2021-09-07', 101, 5349, 0, 51, 'BB'),
(281861, '2021-09-08', 68, 5417, 0, 51, 'BB'),
(281862, '2021-09-09', 69, 5486, 0, 51, 'BB'),
(281863, '2021-09-10', 87, 5573, 0, 51, 'BB'),
(281864, '2021-09-11', 78, 5651, 0, 51, 'BB'),
(281865, '2021-09-12', 108, 5759, 0, 51, 'BB'),
(281866, '2021-09-13', 85, 5844, 0, 51, 'BB'),
(281867, '2021-09-14', 62, 5906, 1, 52, 'BB'),
(281868, '2021-09-15', 78, 5984, 0, 52, 'BB'),
(281869, '2021-09-16', 69, 6053, 0, 52, 'BB'),
(281870, '2021-09-17', 124, 6177, 1, 53, 'BB'),
(281871, '2021-09-18', 71, 6248, 1, 54, 'BB'),
(281872, '2021-09-19', 110, 6358, 3, 57, 'BB'),
(281873, '2021-09-20', 95, 6453, 1, 58, 'BB'),
(281874, '2021-09-21', 74, 6527, 0, 58, 'BB'),
(281875, '2021-09-22', 104, 6631, 1, 59, 'BB'),
(281876, '2021-09-23', 105, 6736, 0, 59, 'BB'),
(281877, '2021-09-24', 168, 6904, 3, 62, 'BB'),
(281878, '2021-09-25', 161, 7065, 1, 63, 'BB'),
(281879, '2021-09-26', 336, 7401, 0, 63, 'BB'),
(281880, '2021-09-27', 175, 7576, 0, 63, 'BB'),
(281881, '2021-09-28', 0, 7576, 4, 67, 'BB'),
(281882, '2021-09-29', 188, 7764, 1, 68, 'BB'),
(281883, '2021-09-30', 217, 7981, 1, 69, 'BB'),
(281884, '2021-10-01', 199, 8180, 0, 69, 'BB'),
(281885, '2021-10-02', 201, 8381, 5, 74, 'BB'),
(281886, '2021-10-03', 228, 8609, 4, 78, 'BB'),
(281887, '2021-10-04', 183, 8792, 0, 78, 'BB'),
(281888, '2021-10-05', 218, 9010, 1, 79, 'BB'),
(281889, '2021-10-06', 195, 9205, 2, 81, 'BB'),
(281890, '2021-10-07', 318, 9523, 3, 84, 'BB'),
(281891, '2021-10-08', 300, 9823, 1, 85, 'BB'),
(281892, '2021-10-09', 259, 10082, 1, 86, 'BB'),
(281893, '2021-10-10', 301, 10383, 2, 88, 'BB'),
(281894, '2021-10-11', 294, 10677, 2, 90, 'BB'),
(281895, '2021-10-12', 241, 10918, 4, 94, 'BB'),
(281896, '2021-10-13', 214, 11132, 4, 98, 'BB'),
(281897, '2021-10-14', 342, 11474, 3, 101, 'BB'),
(281898, '2021-10-15', 311, 11785, 2, 103, 'BB'),
(281899, '2021-10-16', 320, 12105, 5, 108, 'BB'),
(281900, '2021-10-17', 0, 12105, 0, 108, 'BB'),
(281901, '2021-10-18', 322, 12427, 1, 109, 'BB'),
(281902, '2021-10-19', 541, 12968, 10, 119, 'BB'),
(281903, '2021-10-20', 203, 13171, 1, 120, 'BB'),
(281904, '2021-10-21', 382, 13553, 0, 120, 'BB'),
(281905, '2021-10-22', 381, 13934, 3, 123, 'BB'),
(281906, '2021-10-23', 392, 14326, 1, 124, 'BB'),
(281907, '2021-10-24', 427, 14753, 0, 124, 'BB'),
(281908, '2021-10-25', 588, 15341, 6, 130, 'BB'),
(281909, '2021-10-26', 0, 15341, 0, 130, 'BB'),
(281910, '2021-10-27', 247, 15588, 9, 139, 'BB'),
(281911, '2021-10-28', 445, 16033, 4, 143, 'BB'),
(281912, '2020-01-03', 0, 0, 0, 0, 'BY'),
(282538, '2021-09-20', 1982, 516428, 13, 4004, 'BY'),
(282539, '2021-09-21', 1941, 518369, 12, 4016, 'BY'),
(282540, '2021-09-22', 1917, 520286, 12, 4028, 'BY'),
(282541, '2021-09-23', 1989, 522275, 13, 4041, 'BY'),
(282542, '2021-09-24', 1973, 524248, 13, 4054, 'BY'),
(282543, '2021-09-25', 1994, 526242, 12, 4066, 'BY'),
(282544, '2021-09-26', 1987, 528229, 15, 4081, 'BY'),
(282545, '2021-09-27', 1974, 530203, 11, 4092, 'BY'),
(282546, '2021-09-28', 1946, 532149, 10, 4102, 'BY'),
(282547, '2021-09-29', 1955, 534104, 12, 4114, 'BY'),
(282548, '2021-09-30', 1993, 536097, 15, 4129, 'BY'),
(282549, '2021-10-01', 1989, 538086, 14, 4143, 'BY'),
(282550, '2021-10-02', 1993, 540079, 16, 4159, 'BY'),
(282551, '2021-10-03', 1899, 541978, 14, 4173, 'BY'),
(282552, '2021-10-04', 1998, 543976, 15, 4188, 'BY'),
(282553, '2021-10-05', 1872, 545848, 12, 4200, 'BY'),
(282554, '2021-10-06', 1978, 547826, 12, 4212, 'BY'),
(282555, '2021-10-07', 1991, 549817, 16, 4228, 'BY'),
(282556, '2021-10-08', 1983, 551800, 15, 4243, 'BY'),
(282557, '2021-10-09', 1995, 553795, 16, 4259, 'BY'),
(282558, '2021-10-10', 1998, 555793, 16, 4275, 'BY'),
(282559, '2021-10-11', 1979, 557772, 14, 4289, 'BY'),
(282560, '2021-10-12', 1943, 559715, 15, 4304, 'BY'),
(282561, '2021-10-13', 2038, 561753, 15, 4319, 'BY'),
(282562, '2021-10-14', 2060, 563813, 17, 4336, 'BY'),
(282563, '2021-10-15', 2052, 565865, 17, 4353, 'BY'),
(282564, '2021-10-16', 2073, 567938, 16, 4369, 'BY'),
(282565, '2021-10-17', 2068, 570006, 17, 4386, 'BY'),
(282566, '2021-10-18', 1981, 571987, 16, 4402, 'BY'),
(282567, '2021-10-19', 1956, 573943, 15, 4417, 'BY'),
(282568, '2021-10-20', 1913, 575856, 15, 4432, 'BY'),
(282569, '2021-10-21', 2076, 577932, 17, 4449, 'BY'),
(282570, '2021-10-22', 2097, 580029, 17, 4466, 'BY'),
(282571, '2021-10-23', 2082, 582111, 16, 4482, 'BY'),
(282572, '2021-10-24', 2079, 584190, 17, 4499, 'BY'),
(282573, '2021-10-25', 2044, 586234, 16, 4515, 'BY'),
(282574, '2021-10-26', 1997, 588231, 15, 4530, 'BY'),
(282575, '2021-10-27', 1995, 590226, 16, 4546, 'BY'),
(282576, '2021-10-28', 1998, 592224, 17, 4563, 'BY'),
(283241, '2021-10-28', 6, 1342718, 5, 25946, 'BE'),
(283906, '2021-10-28', 271, 26152, 6, 482, 'BZ'),
(284571, '2021-10-28', 0, 24749, 0, 161, 'BJ'),
(285236, '2021-10-28', 0, 5625, 0, 98, 'BM'),
(285901, '2021-10-28', 1, 2621, 0, 3, 'BT'),
(286566, '2021-10-28', 677, 511147, 4, 18907, 'BO'),
(287231, '2021-10-28', 12, 2363, 0, 19, 'XA'),
(287896, '2021-10-28', 1099, 251264, 27, 11450, 'BA'),
(288561, '2021-10-28', 0, 185985, 0, 2402, 'BW'),
(289226, '2021-10-28', 13424, 21748984, 442, 606246, 'BR'),
(289891, '2021-10-28', 0, 2725, 0, 37, 'VG'),
(290556, '2021-10-28', 115, 12710, 0, 53, 'BN'),
(291886, '2021-10-28', 0, 14793, 0, 214, 'BF'),
(292551, '2021-10-28', 28, 20016, 0, 14, 'BI'),
(293216, '2021-10-28', 18, 38169, 0, 349, 'CV'),
(293866, '2021-10-13', 267, 115335, 17, 2544, 'KH'),
(293867, '2021-10-14', 272, 115607, 15, 2559, 'KH'),
(293868, '2021-10-15', 268, 115875, 25, 2584, 'KH'),
(293869, '2021-10-16', 265, 116140, 26, 2610, 'KH'),
(293870, '2021-10-17', 267, 116407, 24, 2634, 'KH'),
(293871, '2021-10-18', 258, 116665, 24, 2658, 'KH'),
(293872, '2021-10-19', 195, 116860, 12, 2670, 'KH'),
(293873, '2021-10-20', 175, 117035, 11, 2681, 'KH'),
(293874, '2021-10-21', 166, 117201, 12, 2693, 'KH'),
(293875, '2021-10-22', 151, 117352, 11, 2704, 'KH'),
(293876, '2021-10-23', 148, 117500, 11, 2715, 'KH'),
(293877, '2021-10-24', 144, 117644, 10, 2725, 'KH'),
(293878, '2021-10-25', 128, 117772, 9, 2734, 'KH'),
(293879, '2021-10-26', 116, 117888, 9, 2743, 'KH'),
(293880, '2021-10-27', 112, 118000, 8, 2751, 'KH'),
(293881, '2021-10-28', 111, 118111, 7, 2758, 'KH'),
(294504, '2021-09-16', 0, 85414, 0, 1368, 'CM'),
(294505, '2021-09-17', 0, 85414, 0, 1368, 'CM'),
(294506, '2021-09-18', 0, 85414, 0, 1368, 'CM'),
(294507, '2021-09-19', 0, 85414, 0, 1368, 'CM'),
(294508, '2021-09-20', 0, 85414, 0, 1368, 'CM'),
(294509, '2021-09-21', 0, 85414, 0, 1368, 'CM'),
(294510, '2021-09-22', 0, 85414, 0, 1368, 'CM'),
(294511, '2021-09-23', 0, 85414, 0, 1368, 'CM'),
(294512, '2021-09-24', 0, 85414, 0, 1368, 'CM'),
(294513, '2021-09-25', 0, 85414, 0, 1368, 'CM'),
(294514, '2021-09-26', 0, 85414, 0, 1368, 'CM'),
(294515, '2021-09-27', 0, 85414, 0, 1368, 'CM'),
(294516, '2021-09-28', 0, 85414, 0, 1368, 'CM'),
(294517, '2021-09-29', 6889, 92303, 91, 1459, 'CM'),
(294518, '2021-09-30', 0, 92303, 0, 1459, 'CM'),
(294519, '2021-10-01', 0, 92303, 0, 1459, 'CM'),
(294520, '2021-10-02', 0, 92303, 0, 1459, 'CM'),
(294521, '2021-10-03', 0, 92303, 0, 1459, 'CM'),
(294522, '2021-10-04', 0, 92303, 0, 1459, 'CM'),
(294523, '2021-10-05', 0, 92303, 0, 1459, 'CM'),
(294524, '2021-10-06', 3096, 95399, 58, 1517, 'CM'),
(294525, '2021-10-07', 0, 95399, 0, 1517, 'CM'),
(294526, '2021-10-08', 0, 95399, 0, 1517, 'CM'),
(294527, '2021-10-09', 0, 95399, 0, 1517, 'CM'),
(294528, '2021-10-10', 0, 95399, 0, 1517, 'CM'),
(294529, '2021-10-11', 0, 95399, 0, 1517, 'CM'),
(294530, '2021-10-12', 0, 95399, 0, 1517, 'CM'),
(294531, '2021-10-13', 3003, 98402, 33, 1550, 'CM'),
(294532, '2021-10-14', 0, 98402, 0, 1550, 'CM'),
(294533, '2021-10-15', 0, 98402, 0, 1550, 'CM'),
(294534, '2021-10-16', 0, 98402, 0, 1550, 'CM'),
(294535, '2021-10-17', 0, 98402, 0, 1550, 'CM'),
(294536, '2021-10-18', 0, 98402, 0, 1550, 'CM'),
(294537, '2021-10-19', 1887, 100289, 50, 1600, 'CM'),
(294538, '2021-10-20', 0, 100289, 0, 1600, 'CM'),
(294539, '2021-10-21', 0, 100289, 0, 1600, 'CM'),
(294540, '2021-10-22', 0, 100289, 0, 1600, 'CM'),
(294541, '2021-10-23', 0, 100289, 0, 1600, 'CM'),
(294542, '2021-10-24', 0, 100289, 0, 1600, 'CM'),
(294543, '2021-10-25', 0, 100289, 0, 1600, 'CM'),
(294544, '2021-10-26', 0, 100289, 0, 1600, 'CM'),
(294545, '2021-10-27', 0, 100289, 0, 1600, 'CM'),
(294546, '2021-10-28', 2210, 102499, 86, 1686, 'CM'),
(295111, '2021-07-20', 259, 1423177, 7, 26499, 'CA'),
(295112, '2021-07-21', 712, 1423889, 5, 26504, 'CA'),
(295113, '2021-07-22', 331, 1424220, 4, 26508, 'CA'),
(295114, '2021-07-23', 495, 1424715, 4, 26512, 'CA'),
(295115, '2021-07-24', 382, 1425097, 14, 26526, 'CA'),
(295116, '2021-07-25', 614, 1425711, 13, 26539, 'CA'),
(295117, '2021-07-26', 276, 1425987, 5, 26544, 'CA'),
(295118, '2021-07-27', 228, 1426215, 3, 26547, 'CA'),
(295119, '2021-07-28', 1127, 1427342, 6, 26553, 'CA'),
(295120, '2021-07-29', 575, 1427917, 7, 26560, 'CA'),
(295121, '2021-07-30', 766, 1428683, 10, 26570, 'CA'),
(295122, '2021-07-31', 894, 1429577, 5, 26575, 'CA'),
(295123, '2021-08-01', 906, 1430483, 17, 26592, 'CA'),
(295124, '2021-08-02', 685, 1431168, 6, 26598, 'CA'),
(295125, '2021-08-03', 696, 1431864, 2, 26600, 'CA'),
(295126, '2021-08-04', 1178, 1433042, 1, 26601, 'CA'),
(295127, '2021-08-05', 733, 1433775, 6, 26607, 'CA'),
(295128, '2021-08-06', 963, 1434738, 11, 26618, 'CA'),
(295129, '2021-08-07', 1444, 1436182, 19, 26637, 'CA'),
(295130, '2021-08-08', 1519, 1437701, 17, 26654, 'CA'),
(295131, '2021-08-09', 518, 1438219, 9, 26663, 'CA'),
(295132, '2021-08-10', 524, 1438743, 6, 26669, 'CA'),
(295133, '2021-08-11', 3344, 1442087, 9, 26678, 'CA'),
(295134, '2021-08-12', 1346, 1443433, 5, 26683, 'CA'),
(295135, '2021-08-13', 1872, 1445305, 5, 26688, 'CA'),
(295136, '2021-08-14', 2134, 1447439, 4, 26692, 'CA'),
(295137, '2021-08-15', 2412, 1449851, 6, 26698, 'CA'),
(295138, '2021-08-16', 1141, 1450992, 3, 26701, 'CA'),
(295139, '2021-08-17', 977, 1451969, 0, 26701, 'CA'),
(295140, '2021-08-18', 4004, 1455973, 3, 26704, 'CA'),
(295141, '2021-08-19', 1725, 1457698, 15, 26719, 'CA'),
(295142, '2021-08-20', 2477, 1460175, 42, 26761, 'CA'),
(295143, '2021-08-21', 2731, 1462906, 22, 26783, 'CA'),
(295144, '2021-08-22', 2960, 1465866, 6, 26789, 'CA'),
(295145, '2021-08-23', 2878, 1468744, 1, 26790, 'CA'),
(295146, '2021-08-24', 2849, 1471593, 6, 26796, 'CA'),
(295147, '2021-08-25', 2031, 1473624, 18, 26814, 'CA'),
(295148, '2021-08-26', 2525, 1476149, 35, 26849, 'CA'),
(295149, '2021-08-27', 3160, 1479309, 6, 26855, 'CA'),
(295150, '2021-08-28', 3359, 1482668, 9, 26864, 'CA'),
(295151, '2021-08-29', 3768, 1486436, 26, 26890, 'CA'),
(295152, '2021-08-30', 3918, 1490354, 8, 26898, 'CA'),
(295153, '2021-08-31', 3167, 1493521, 3, 26901, 'CA'),
(295154, '2021-09-01', 2735, 1496256, 17, 26918, 'CA'),
(295155, '2021-09-02', 2909, 1499165, 14, 26932, 'CA'),
(295156, '2021-09-03', 3853, 1503018, 30, 26962, 'CA'),
(295157, '2021-09-04', 4033, 1507051, 29, 26991, 'CA'),
(295158, '2021-09-05', 4161, 1511212, 15, 27006, 'CA'),
(295159, '2021-09-06', 4023, 1515235, 11, 27017, 'CA'),
(295160, '2021-09-07', 4134, 1519369, 4, 27021, 'CA'),
(295161, '2021-09-08', 2958, 1522327, 3, 27024, 'CA'),
(295162, '2021-09-09', 3319, 1525646, 43, 27067, 'CA'),
(295163, '2021-09-10', 3654, 1529300, 39, 27106, 'CA'),
(295164, '2021-09-11', 4166, 1533466, 28, 27134, 'CA'),
(295165, '2021-09-12', 4627, 1538093, 36, 27170, 'CA'),
(295166, '2021-09-13', 4861, 1542954, 19, 27189, 'CA'),
(295167, '2021-09-14', 4233, 1547187, 9, 27198, 'CA'),
(295168, '2021-09-15', 3885, 1551072, 40, 27238, 'CA'),
(295169, '2021-09-16', 4049, 1555121, 25, 27263, 'CA'),
(295170, '2021-09-17', 4289, 1559410, 42, 27305, 'CA'),
(295171, '2021-09-18', 4680, 1564090, 20, 27325, 'CA'),
(295172, '2021-09-19', 5096, 1569186, 45, 27370, 'CA'),
(295173, '2021-09-20', 0, 1569186, 0, 27370, 'CA'),
(295174, '2021-09-21', 0, 1569186, 0, 27370, 'CA'),
(295175, '2021-09-22', 12724, 1581910, 64, 27434, 'CA'),
(295176, '2021-09-23', 3822, 1585732, 54, 27488, 'CA'),
(295177, '2021-09-24', 3870, 1589602, 49, 27537, 'CA'),
(295178, '2021-09-25', 4598, 1594200, 44, 27581, 'CA'),
(295179, '2021-09-26', 4607, 1598807, 39, 27620, 'CA'),
(295180, '2021-09-27', 4952, 1603759, 22, 27642, 'CA'),
(295181, '2021-09-28', 4330, 1608089, 10, 27652, 'CA'),
(295182, '2021-09-29', 4279, 1612368, 47, 27699, 'CA'),
(295183, '2021-09-30', 3491, 1615859, 55, 27754, 'CA'),
(295184, '2021-10-01', 4278, 1620137, 65, 27819, 'CA'),
(295185, '2021-10-02', 0, 1620137, 0, 27819, 'CA'),
(295186, '2021-10-03', 9005, 1629142, 102, 27921, 'CA'),
(295187, '2021-10-04', 4427, 1633569, 24, 27945, 'CA'),
(295188, '2021-10-05', 3633, 1637202, 8, 27953, 'CA'),
(295189, '2021-10-06', 3404, 1640606, 48, 28001, 'CA'),
(295190, '2021-10-07', 2814, 1643420, 49, 28050, 'CA'),
(295191, '2021-10-08', 3733, 1647153, 62, 28112, 'CA'),
(295192, '2021-10-09', 4083, 1651236, 29, 28141, 'CA'),
(295193, '2021-10-10', 4141, 1655377, 45, 28186, 'CA'),
(295194, '2021-10-11', 3688, 1659065, 12, 28198, 'CA'),
(295195, '2021-10-12', 3530, 1662595, 10, 28208, 'CA'),
(295196, '2021-10-13', 2657, 1665252, 12, 28220, 'CA'),
(295197, '2021-10-14', 2323, 1667575, 69, 28289, 'CA'),
(295198, '2021-10-15', 2659, 1670234, 78, 28367, 'CA'),
(295199, '2021-10-16', 3174, 1673408, 54, 28421, 'CA'),
(295200, '2021-10-17', 3438, 1676846, 47, 28468, 'CA'),
(295201, '2021-10-18', 3347, 1680193, 13, 28481, 'CA'),
(295202, '2021-10-19', 2894, 1683087, 12, 28493, 'CA'),
(295203, '2021-10-20', 2255, 1685342, 71, 28564, 'CA'),
(295204, '2021-10-21', 2275, 1687617, 39, 28603, 'CA'),
(295205, '2021-10-22', 2641, 1690258, 41, 28644, 'CA'),
(295206, '2021-10-23', 2894, 1693152, 23, 28667, 'CA'),
(295207, '2021-10-24', 2762, 1695914, 62, 28729, 'CA'),
(295208, '2021-10-25', 2551, 1698465, 16, 28745, 'CA'),
(295209, '2021-10-26', 2280, 1700745, 4, 28749, 'CA'),
(295210, '2021-10-27', 1842, 1702587, 56, 28805, 'CA'),
(295211, '2021-10-28', 1787, 1704374, 35, 28840, 'CA'),
(295846, '2021-09-28', 4, 795, 0, 2, 'KY'),
(295847, '2021-09-29', 17, 812, 0, 2, 'KY'),
(295848, '2021-09-30', 8, 820, 0, 2, 'KY'),
(295849, '2021-10-01', 15, 835, 0, 2, 'KY'),
(295850, '2021-10-02', 5, 840, 0, 2, 'KY'),
(295851, '2021-10-03', 13, 853, 0, 2, 'KY'),
(295852, '2021-10-04', 0, 853, 0, 2, 'KY'),
(295853, '2021-10-05', 0, 853, 0, 2, 'KY'),
(295854, '2021-10-06', 52, 905, 0, 2, 'KY'),
(295855, '2021-10-07', 15, 920, 0, 2, 'KY'),
(295856, '2021-10-08', 10, 930, 0, 2, 'KY'),
(295857, '2021-10-09', 9, 939, 0, 2, 'KY'),
(295858, '2021-10-10', 0, 939, 0, 2, 'KY'),
(295859, '2021-10-11', 0, 939, 0, 2, 'KY'),
(295860, '2021-10-12', 0, 939, 0, 2, 'KY'),
(295861, '2021-10-13', 44, 983, 0, 2, 'KY'),
(295862, '2021-10-14', 13, 996, 0, 2, 'KY'),
(295863, '2021-10-15', 15, 1011, 0, 2, 'KY'),
(295864, '2021-10-16', 0, 1011, 0, 2, 'KY'),
(295865, '2021-10-17', 0, 1011, 0, 2, 'KY'),
(295866, '2021-10-18', 0, 1011, 0, 2, 'KY'),
(295867, '2021-10-19', 0, 1011, 0, 2, 'KY'),
(295868, '2021-10-20', 84, 1095, 0, 2, 'KY'),
(295869, '2021-10-21', 0, 1095, 0, 2, 'KY'),
(295870, '2021-10-22', 41, 1136, 0, 2, 'KY'),
(295871, '2021-10-23', 29, 1165, 0, 2, 'KY'),
(295872, '2021-10-24', 31, 1196, 0, 2, 'KY'),
(295873, '2021-10-25', 0, 1196, 0, 2, 'KY'),
(295874, '2021-10-26', 0, 1196, 0, 2, 'KY'),
(295875, '2021-10-27', 83, 1279, 0, 2, 'KY'),
(295876, '2021-10-28', 0, 1279, 0, 2, 'KY'),
(296515, '2021-10-02', 0, 11371, 0, 100, 'CF'),
(296516, '2021-10-03', 14, 11385, 0, 100, 'CF'),
(296517, '2021-10-04', 0, 11385, 0, 100, 'CF'),
(296518, '2021-10-05', 0, 11385, 0, 100, 'CF'),
(296519, '2021-10-06', 6, 11391, 0, 100, 'CF'),
(296520, '2021-10-07', 10, 11401, 0, 100, 'CF'),
(296521, '2021-10-08', 0, 11401, 0, 100, 'CF'),
(296522, '2021-10-09', 0, 11401, 0, 100, 'CF'),
(296523, '2021-10-10', 0, 11401, 0, 100, 'CF'),
(296524, '2021-10-11', 0, 11401, 0, 100, 'CF'),
(296525, '2021-10-12', 0, 11401, 0, 100, 'CF'),
(296526, '2021-10-13', 68, 11469, 0, 100, 'CF'),
(296527, '2021-10-14', 0, 11469, 0, 100, 'CF'),
(296528, '2021-10-15', 0, 11469, 0, 100, 'CF'),
(296529, '2021-10-16', 0, 11469, 0, 100, 'CF'),
(296530, '2021-10-17', 9, 11478, 0, 100, 'CF'),
(296531, '2021-10-18', 0, 11478, 0, 100, 'CF'),
(296532, '2021-10-19', 0, 11478, 0, 100, 'CF'),
(296533, '2021-10-20', 0, 11478, 0, 100, 'CF'),
(296534, '2021-10-21', 0, 11478, 0, 100, 'CF'),
(296535, '2021-10-22', 40, 11518, 0, 100, 'CF'),
(296536, '2021-10-23', 0, 11518, 0, 100, 'CF'),
(296537, '2021-10-24', 0, 11518, 0, 100, 'CF'),
(296538, '2021-10-25', 0, 11518, 0, 100, 'CF'),
(296539, '2021-10-26', 0, 11518, 0, 100, 'CF'),
(296540, '2021-10-27', 0, 11518, 0, 100, 'CF'),
(296541, '2021-10-28', 0, 11518, 0, 100, 'CF'),
(297169, '2021-09-21', 0, 5031, 0, 174, 'TD'),
(297170, '2021-09-22', 0, 5031, 0, 174, 'TD'),
(297171, '2021-09-23', 1, 5032, 0, 174, 'TD'),
(297172, '2021-09-24', 1, 5033, 0, 174, 'TD'),
(297173, '2021-09-25', 0, 5033, 0, 174, 'TD'),
(297174, '2021-09-26', 0, 5033, 0, 174, 'TD'),
(297175, '2021-09-27', 1, 5034, 0, 174, 'TD'),
(297176, '2021-09-28', 0, 5034, 0, 174, 'TD'),
(297177, '2021-09-29', 4, 5038, 0, 174, 'TD'),
(297178, '2021-09-30', 1, 5039, 0, 174, 'TD'),
(297179, '2021-10-01', 1, 5040, 0, 174, 'TD'),
(297180, '2021-10-02', 4, 5044, 0, 174, 'TD'),
(297181, '2021-10-03', 0, 5044, 0, 174, 'TD'),
(297182, '2021-10-04', 2, 5046, 0, 174, 'TD'),
(297183, '2021-10-05', 3, 5049, 0, 174, 'TD'),
(297184, '2021-10-06', 2, 5051, 0, 174, 'TD'),
(297185, '2021-10-07', 2, 5053, 0, 174, 'TD'),
(297186, '2021-10-08', 0, 5053, 0, 174, 'TD'),
(297187, '2021-10-09', 7, 5060, 0, 174, 'TD'),
(297188, '2021-10-10', 1, 5061, 0, 174, 'TD'),
(297189, '2021-10-11', 0, 5061, 0, 174, 'TD'),
(297190, '2021-10-12', 0, 5061, 0, 174, 'TD'),
(297191, '2021-10-13', 2, 5063, 0, 174, 'TD'),
(297192, '2021-10-14', 2, 5065, 0, 174, 'TD'),
(297193, '2021-10-15', 0, 5065, 0, 174, 'TD'),
(297194, '2021-10-16', 4, 5069, 0, 174, 'TD'),
(297195, '2021-10-17', 0, 5069, 0, 174, 'TD'),
(297196, '2021-10-18', 0, 5069, 0, 174, 'TD'),
(297197, '2021-10-19', 0, 5069, 0, 174, 'TD'),
(297198, '2021-10-20', 0, 5069, 0, 174, 'TD'),
(297199, '2021-10-21', 0, 5069, 0, 174, 'TD'),
(297200, '2021-10-22', 0, 5069, 0, 174, 'TD'),
(297201, '2021-10-23', 0, 5069, 0, 174, 'TD'),
(297202, '2021-10-24', 0, 5069, 0, 174, 'TD'),
(297203, '2021-10-25', 0, 5069, 0, 174, 'TD'),
(297204, '2021-10-26', 0, 5069, 0, 174, 'TD'),
(297205, '2021-10-27', 0, 5069, 0, 174, 'TD'),
(297206, '2021-10-28', 0, 5069, 0, 174, 'TD'),
(297835, '2021-09-22', 280, 1648026, 7, 37374, 'CL'),
(297836, '2021-09-23', 524, 1648550, 5, 37379, 'CL'),
(297837, '2021-09-24', 859, 1649409, 31, 37410, 'CL'),
(297838, '2021-09-25', 829, 1650238, 13, 37423, 'CL'),
(297839, '2021-09-26', 747, 1650985, 9, 37432, 'CL'),
(297840, '2021-09-27', 765, 1651750, 8, 37440, 'CL'),
(297841, '2021-09-28', 614, 1652364, 5, 37445, 'CL'),
(297842, '2021-09-29', 431, 1652795, 4, 37449, 'CL'),
(297843, '2021-09-30', 611, 1653406, 6, 37455, 'CL'),
(297844, '2021-10-01', 858, 1654264, 13, 37468, 'CL'),
(297845, '2021-10-02', 807, 1655071, 8, 37476, 'CL'),
(297846, '2021-10-03', 813, 1655884, 8, 37484, 'CL'),
(297847, '2021-10-04', 718, 1656602, 10, 37494, 'CL'),
(297848, '2021-10-05', 654, 1657256, 6, 37500, 'CL'),
(297849, '2021-10-06', 493, 1657749, 6, 37506, 'CL'),
(297850, '2021-10-07', 695, 1658444, 6, 37512, 'CL'),
(297851, '2021-10-08', 942, 1659386, 21, 37533, 'CL'),
(297852, '2021-10-09', 986, 1660372, 9, 37542, 'CL'),
(297853, '2021-10-10', 998, 1661370, 12, 37554, 'CL'),
(297854, '2021-10-11', 1063, 1662433, 10, 37564, 'CL'),
(297855, '2021-10-12', 950, 1663383, 7, 37571, 'CL'),
(297856, '2021-10-13', 609, 1663992, 3, 37574, 'CL'),
(297857, '2021-10-14', 733, 1664725, 4, 37578, 'CL'),
(297858, '2021-10-15', 1191, 1665916, 5, 37583, 'CL'),
(297859, '2021-10-16', 1631, 1667547, 11, 37594, 'CL'),
(297860, '2021-10-17', 1689, 1669236, 3, 37597, 'CL'),
(297861, '2021-10-18', 1514, 1670750, 12, 37609, 'CL'),
(297862, '2021-10-19', 1315, 1672065, 11, 37620, 'CL'),
(297863, '2021-10-20', 933, 1672998, 3, 37623, 'CL'),
(297864, '2021-10-21', 1228, 1674226, 5, 37628, 'CL'),
(297865, '2021-10-22', 1793, 1676019, 12, 37640, 'CL'),
(297866, '2021-10-23', 2004, 1678023, 11, 37651, 'CL'),
(297867, '2021-10-24', 1994, 1680017, 11, 37662, 'CL'),
(297868, '2021-10-25', 1811, 1681828, 7, 37669, 'CL'),
(297869, '2021-10-26', 1623, 1683451, 16, 37685, 'CL'),
(297870, '2021-10-27', 1157, 1684608, 6, 37691, 'CL'),
(297871, '2021-10-28', 1710, 1686318, 6, 37697, 'CL'),
(297872, '2020-01-03', 0, 0, 0, 0, 'CN'),
(298479, '2021-09-01', 25, 123068, 1, 5683, 'CN'),
(298480, '2021-09-02', 35, 123103, 1, 5684, 'CN'),
(298481, '2021-09-03', 28, 123131, 1, 5685, 'CN'),
(298482, '2021-09-04', 38, 123169, 0, 5685, 'CN'),
(298483, '2021-09-05', 30, 123199, 0, 5685, 'CN'),
(298484, '2021-09-06', 32, 123231, 0, 5685, 'CN'),
(298485, '2021-09-07', 54, 123285, 0, 5685, 'CN'),
(298486, '2021-09-08', 37, 123322, 0, 5685, 'CN'),
(298487, '2021-09-09', 39, 123361, 0, 5685, 'CN'),
(298488, '2021-09-10', 25, 123386, 1, 5686, 'CN'),
(298489, '2021-09-11', 37, 123423, 1, 5687, 'CN'),
(298490, '2021-09-12', 55, 123478, 0, 5687, 'CN'),
(298491, '2021-09-13', 66, 123544, 0, 5687, 'CN'),
(298492, '2021-09-14', 98, 123642, 1, 5688, 'CN'),
(298493, '2021-09-15', 80, 123722, 0, 5688, 'CN'),
(298494, '2021-09-16', 86, 123808, 0, 5688, 'CN'),
(298495, '2021-09-17', 96, 123904, 0, 5688, 'CN'),
(298496, '2021-09-18', 57, 123961, 0, 5688, 'CN'),
(298497, '2021-09-19', 77, 124038, 0, 5688, 'CN'),
(298498, '2021-09-20', 64, 124102, 1, 5689, 'CN'),
(298499, '2021-09-21', 83, 124185, 0, 5689, 'CN'),
(298500, '2021-09-22', 47, 124232, 0, 5689, 'CN'),
(298501, '2021-09-23', 51, 124283, 1, 5690, 'CN'),
(298502, '2021-09-24', 65, 124348, 0, 5690, 'CN'),
(298503, '2021-09-25', 53, 124401, 0, 5690, 'CN'),
(298504, '2021-09-26', 43, 124444, 0, 5690, 'CN'),
(298505, '2021-09-27', 51, 124495, 0, 5690, 'CN'),
(298506, '2021-09-28', 43, 124538, 1, 5691, 'CN'),
(298507, '2021-09-29', 53, 124591, 0, 5691, 'CN'),
(298508, '2021-09-30', 38, 124629, 0, 5691, 'CN'),
(298509, '2021-10-01', 44, 124673, 0, 5691, 'CN'),
(298510, '2021-10-02', 56, 124729, 1, 5692, 'CN'),
(298511, '2021-10-03', 43, 124772, 0, 5692, 'CN'),
(298512, '2021-10-04', 33, 124805, 0, 5692, 'CN'),
(298513, '2021-10-05', 38, 124843, 1, 5693, 'CN'),
(298514, '2021-10-06', 41, 124884, 0, 5693, 'CN'),
(298515, '2021-10-07', 36, 124920, 0, 5693, 'CN'),
(298516, '2021-10-08', 34, 124954, 0, 5693, 'CN'),
(298517, '2021-10-09', 33, 124987, 1, 5694, 'CN'),
(298518, '2021-10-10', 36, 125023, 1, 5695, 'CN'),
(298519, '2021-10-11', 32, 125055, 0, 5695, 'CN'),
(298520, '2021-10-12', 30, 125085, 0, 5695, 'CN'),
(298521, '2021-10-13', 30, 125115, 0, 5695, 'CN'),
(298522, '2021-10-14', 28, 125143, 0, 5695, 'CN'),
(298523, '2021-10-15', 19, 125162, 0, 5695, 'CN'),
(298524, '2021-10-16', 27, 125189, 0, 5695, 'CN'),
(298525, '2021-10-17', 37, 125226, 0, 5695, 'CN'),
(298526, '2021-10-18', 28, 125254, 0, 5695, 'CN'),
(298527, '2021-10-19', 30, 125284, 0, 5695, 'CN'),
(298528, '2021-10-20', 38, 125322, 0, 5695, 'CN'),
(298529, '2021-10-21', 29, 125351, 0, 5695, 'CN'),
(298530, '2021-10-22', 51, 125402, 0, 5695, 'CN'),
(298531, '2021-10-23', 60, 125462, 0, 5695, 'CN'),
(298532, '2021-10-24', 56, 125518, 0, 5695, 'CN'),
(298533, '2021-10-25', 47, 125565, 0, 5695, 'CN'),
(298534, '2021-10-26', 55, 125620, 1, 5696, 'CN'),
(298535, '2021-10-27', 66, 125686, 0, 5696, 'CN'),
(298536, '2021-10-28', 52, 125738, 0, 5696, 'CN'),
(299180, '2021-10-07', 1211, 4964454, 30, 126455, 'CO'),
(299181, '2021-10-08', 1393, 4965847, 32, 126487, 'CO'),
(299182, '2021-10-09', 1677, 4967524, 30, 126517, 'CO'),
(299183, '2021-10-10', 1607, 4969131, 35, 126552, 'CO'),
(299184, '2021-10-11', 1587, 4970718, 33, 126585, 'CO'),
(299185, '2021-10-12', 1518, 4972236, 38, 126623, 'CO'),
(299186, '2021-10-13', 1089, 4973325, 32, 126655, 'CO'),
(299187, '2021-10-14', 1075, 4974400, 37, 126692, 'CO'),
(299188, '2021-10-15', 1256, 4975656, 34, 126726, 'CO'),
(299189, '2021-10-16', 1387, 4977043, 33, 126759, 'CO'),
(299190, '2021-10-17', 1646, 4978689, 37, 126796, 'CO'),
(299191, '2021-10-18', 1544, 4980233, 34, 126830, 'CO'),
(299192, '2021-10-19', 1299, 4981532, 35, 126865, 'CO'),
(299193, '2021-10-20', 1043, 4982575, 21, 126886, 'CO'),
(299194, '2021-10-21', 952, 4983527, 24, 126910, 'CO'),
(299195, '2021-10-22', 1224, 4984751, 21, 126931, 'CO'),
(299196, '2021-10-23', 1498, 4986249, 28, 126959, 'CO'),
(299197, '2021-10-24', 1772, 4988021, 35, 126994, 'CO'),
(299198, '2021-10-25', 1660, 4989681, 38, 127032, 'CO'),
(299199, '2021-10-26', 1369, 4991050, 35, 127067, 'CO'),
(299200, '2021-10-27', 1536, 4992586, 32, 127099, 'CO'),
(299201, '2021-10-28', 1428, 4994014, 34, 127133, 'CO'),
(299840, '2021-10-02', 0, 4147, 0, 147, 'KM'),
(299841, '2021-10-03', 0, 4147, 0, 147, 'KM'),
(299842, '2021-10-04', 8, 4155, 0, 147, 'KM'),
(299843, '2021-10-05', 0, 4155, 0, 147, 'KM'),
(299844, '2021-10-06', 1, 4156, 0, 147, 'KM'),
(299845, '2021-10-07', 2, 4158, 0, 147, 'KM'),
(299846, '2021-10-08', 1, 4159, 0, 147, 'KM'),
(299847, '2021-10-09', 2, 4161, 0, 147, 'KM'),
(299848, '2021-10-10', 0, 4161, 0, 147, 'KM'),
(299849, '2021-10-11', 4, 4165, 0, 147, 'KM'),
(299850, '2021-10-12', 4, 4169, 0, 147, 'KM'),
(299851, '2021-10-13', 4, 4173, 0, 147, 'KM'),
(299852, '2021-10-14', 0, 4173, 0, 147, 'KM'),
(299853, '2021-10-15', 4, 4177, 0, 147, 'KM'),
(299854, '2021-10-16', 7, 4184, 0, 147, 'KM'),
(299855, '2021-10-17', 2, 4186, 0, 147, 'KM'),
(299856, '2021-10-18', 0, 4186, 0, 147, 'KM'),
(299857, '2021-10-19', 4, 4190, 0, 147, 'KM'),
(299858, '2021-10-20', 1, 4191, 0, 147, 'KM'),
(299859, '2021-10-21', 6, 4197, 0, 147, 'KM'),
(299860, '2021-10-22', 0, 4197, 0, 147, 'KM'),
(299861, '2021-10-23', 3, 4200, 0, 147, 'KM'),
(299862, '2021-10-24', 4, 4204, 0, 147, 'KM'),
(299863, '2021-10-25', 1, 4205, 0, 147, 'KM'),
(299864, '2021-10-26', 14, 4219, 0, 147, 'KM'),
(299865, '2021-10-27', 14, 4233, 0, 147, 'KM'),
(299866, '2021-10-28', 6, 4239, 0, 147, 'KM'),
(300507, '2021-10-04', 0, 14561, 0, 199, 'CG'),
(300508, '2021-10-05', 0, 14561, 0, 199, 'CG'),
(300509, '2021-10-06', 0, 14561, 0, 199, 'CG'),
(300510, '2021-10-07', 272, 14833, 7, 206, 'CG'),
(300511, '2021-10-08', 0, 14833, 0, 206, 'CG'),
(300512, '2021-10-09', 0, 14833, 0, 206, 'CG'),
(300513, '2021-10-10', 0, 14833, 0, 206, 'CG'),
(300514, '2021-10-11', 0, 14833, 0, 206, 'CG'),
(300515, '2021-10-12', 422, 15255, 13, 219, 'CG'),
(300516, '2021-10-13', 0, 15255, 0, 219, 'CG'),
(300517, '2021-10-14', 0, 15255, 0, 219, 'CG'),
(300518, '2021-10-15', 259, 15514, 3, 222, 'CG'),
(300519, '2021-10-16', 0, 15514, 0, 222, 'CG'),
(300520, '2021-10-17', 448, 15962, 9, 231, 'CG'),
(300521, '2021-10-18', 0, 15962, 0, 231, 'CG'),
(300522, '2021-10-19', 0, 15962, 0, 231, 'CG'),
(300523, '2021-10-20', 0, 15962, 0, 231, 'CG'),
(300524, '2021-10-21', 446, 16408, 8, 239, 'CG'),
(300525, '2021-10-22', 0, 16408, 0, 239, 'CG'),
(300526, '2021-10-23', 0, 16408, 0, 239, 'CG'),
(300527, '2021-10-24', 460, 16868, 10, 249, 'CG'),
(300528, '2021-10-25', 0, 16868, 0, 249, 'CG'),
(300529, '2021-10-26', 0, 16868, 0, 249, 'CG'),
(300530, '2021-10-27', 0, 16868, 0, 249, 'CG'),
(300531, '2021-10-28', 455, 17323, 9, 258, 'CG'),
(301175, '2021-10-07', 0, 0, 0, 0, 'CK'),
(301176, '2021-10-08', 0, 0, 0, 0, 'CK'),
(301177, '2021-10-09', 0, 0, 0, 0, 'CK'),
(301178, '2021-10-10', 0, 0, 0, 0, 'CK'),
(301179, '2021-10-11', 0, 0, 0, 0, 'CK'),
(301180, '2021-10-12', 0, 0, 0, 0, 'CK'),
(301181, '2021-10-13', 0, 0, 0, 0, 'CK'),
(301182, '2021-10-14', 0, 0, 0, 0, 'CK'),
(301183, '2021-10-15', 0, 0, 0, 0, 'CK'),
(301184, '2021-10-16', 0, 0, 0, 0, 'CK'),
(301185, '2021-10-17', 0, 0, 0, 0, 'CK'),
(301186, '2021-10-18', 0, 0, 0, 0, 'CK'),
(301187, '2021-10-19', 0, 0, 0, 0, 'CK'),
(301188, '2021-10-20', 0, 0, 0, 0, 'CK'),
(301189, '2021-10-21', 0, 0, 0, 0, 'CK'),
(301190, '2021-10-22', 0, 0, 0, 0, 'CK'),
(301191, '2021-10-23', 0, 0, 0, 0, 'CK'),
(301192, '2021-10-24', 0, 0, 0, 0, 'CK'),
(301193, '2021-10-25', 0, 0, 0, 0, 'CK'),
(301194, '2021-10-26', 0, 0, 0, 0, 'CK'),
(301195, '2021-10-27', 0, 0, 0, 0, 'CK'),
(301196, '2021-10-28', 0, 0, 0, 0, 'CK'),
(302496, '2021-09-28', 98, 59977, 7, 607, 'CI'),
(302497, '2021-09-29', 43, 60020, 4, 611, 'CI'),
(302498, '2021-09-30', 118, 60138, 10, 621, 'CI'),
(302499, '2021-10-01', 115, 60253, 3, 624, 'CI'),
(302500, '2021-10-02', 82, 60335, 7, 631, 'CI'),
(302501, '2021-10-03', 41, 60376, 5, 636, 'CI'),
(302502, '2021-10-04', 48, 60424, 4, 640, 'CI'),
(302503, '2021-10-05', 0, 60424, 0, 640, 'CI'),
(302504, '2021-10-06', 57, 60481, 12, 652, 'CI'),
(302505, '2021-10-07', 92, 60573, 1, 653, 'CI'),
(302506, '2021-10-08', 68, 60641, 1, 654, 'CI'),
(302507, '2021-10-09', 50, 60691, 3, 657, 'CI'),
(302508, '2021-10-10', 94, 60785, 2, 659, 'CI'),
(302509, '2021-10-11', 34, 60819, 7, 666, 'CI'),
(302510, '2021-10-12', 10, 60829, 3, 669, 'CI'),
(302511, '2021-10-13', 49, 60878, 3, 672, 'CI'),
(302512, '2021-10-14', 0, 60878, 0, 672, 'CI'),
(302513, '2021-10-15', 64, 60942, 1, 673, 'CI'),
(302514, '2021-10-16', 40, 60982, 1, 674, 'CI'),
(302515, '2021-10-17', 0, 60982, 0, 674, 'CI'),
(302516, '2021-10-18', 56, 61038, 8, 682, 'CI'),
(302517, '2021-10-19', 34, 61072, 3, 685, 'CI'),
(302518, '2021-10-20', 17, 61089, 0, 685, 'CI'),
(302519, '2021-10-21', 24, 61113, 4, 689, 'CI'),
(302520, '2021-10-22', 26, 61139, 0, 689, 'CI'),
(302521, '2021-10-23', 13, 61152, 0, 689, 'CI'),
(302522, '2021-10-24', 26, 61178, 1, 690, 'CI'),
(302523, '2021-10-25', 0, 61178, 0, 690, 'CI'),
(302524, '2021-10-26', 30, 61208, 0, 690, 'CI'),
(302525, '2021-10-27', 13, 61221, 1, 691, 'CI'),
(302526, '2021-10-28', 31, 61252, 0, 691, 'CI'),
(303148, '2021-09-15', 974, 385056, 9, 8456, 'HR'),
(303149, '2021-09-16', 1835, 386891, 7, 8463, 'HR'),
(303150, '2021-09-17', 1369, 388260, 9, 8472, 'HR'),
(303151, '2021-09-18', 1394, 389654, 9, 8481, 'HR'),
(303152, '2021-09-19', 1455, 391109, 12, 8493, 'HR'),
(303153, '2021-09-20', 875, 391984, 7, 8500, 'HR'),
(303154, '2021-09-21', 264, 392248, 14, 8514, 'HR'),
(303155, '2021-09-22', 1037, 393285, 12, 8526, 'HR'),
(303156, '2021-09-23', 1812, 395097, 13, 8539, 'HR'),
(303157, '2021-09-24', 1373, 396470, 15, 8554, 'HR'),
(303158, '2021-09-25', 1291, 397761, 12, 8566, 'HR'),
(303159, '2021-09-26', 1293, 399054, 14, 8580, 'HR'),
(303160, '2021-09-27', 837, 399891, 15, 8595, 'HR'),
(303161, '2021-09-28', 217, 400108, 11, 8606, 'HR'),
(303162, '2021-09-29', 1059, 401167, 8, 8614, 'HR'),
(303163, '2021-09-30', 1913, 403080, 14, 8628, 'HR'),
(303164, '2021-10-01', 1710, 404790, 12, 8640, 'HR'),
(303165, '2021-10-02', 1517, 406307, 10, 8650, 'HR'),
(303166, '2021-10-03', 2392, 408699, 28, 8678, 'HR'),
(303167, '2021-10-04', 219, 408918, 7, 8685, 'HR'),
(303168, '2021-10-05', 1074, 409992, 19, 8704, 'HR'),
(303169, '2021-10-06', 1925, 411917, 18, 8722, 'HR'),
(303170, '2021-10-07', 1748, 413665, 8, 8730, 'HR'),
(303171, '2021-10-08', 1691, 415356, 22, 8752, 'HR'),
(303172, '2021-10-09', 1594, 416950, 11, 8763, 'HR'),
(303173, '2021-10-10', 908, 417858, 9, 8772, 'HR'),
(303174, '2021-10-11', 170, 418028, 6, 8778, 'HR'),
(303175, '2021-10-12', 1007, 419035, 24, 8802, 'HR'),
(303176, '2021-10-13', 2022, 421057, 27, 8829, 'HR'),
(303177, '2021-10-14', 1851, 422908, 18, 8847, 'HR'),
(303178, '2021-10-15', 1758, 424666, 15, 8862, 'HR'),
(303179, '2021-10-16', 1947, 426613, 15, 8877, 'HR'),
(303180, '2021-10-17', 1301, 427914, 19, 8896, 'HR'),
(303181, '2021-10-18', 319, 428233, 11, 8907, 'HR'),
(303182, '2021-10-19', 1741, 429974, 21, 8928, 'HR'),
(303183, '2021-10-20', 3162, 433136, 23, 8951, 'HR'),
(303184, '2021-10-21', 3053, 436189, 17, 8968, 'HR'),
(303185, '2021-10-22', 3258, 439447, 17, 8985, 'HR'),
(303186, '2021-10-23', 3585, 443032, 25, 9010, 'HR'),
(303187, '2021-10-24', 2293, 445325, 28, 9038, 'HR'),
(303188, '2021-10-25', 680, 446005, 22, 9060, 'HR'),
(303189, '2021-10-26', 3360, 449365, 30, 9090, 'HR'),
(303190, '2021-10-27', 4571, 453936, 26, 9116, 'HR'),
(303191, '2021-10-28', 4154, 458090, 26, 9142, 'HR'),
(303826, '2021-09-28', 6632, 860799, 52, 7279, 'CU'),
(303827, '2021-09-29', 6009, 866808, 51, 7330, 'CU'),
(303828, '2021-09-30', 5617, 872425, 48, 7378, 'CU'),
(303829, '2021-10-01', 5003, 877428, 58, 7436, 'CU'),
(303830, '2021-10-02', 5049, 882477, 50, 7486, 'CU'),
(303831, '2021-10-03', 4873, 887350, 48, 7534, 'CU'),
(303832, '2021-10-04', 4097, 891447, 46, 7580, 'CU'),
(303833, '2021-10-05', 4272, 895719, 38, 7618, 'CU'),
(303834, '2021-10-06', 4793, 900512, 45, 7663, 'CU'),
(303835, '2021-10-07', 3596, 904108, 40, 7703, 'CU'),
(303836, '2021-10-08', 3833, 907941, 39, 7742, 'CU'),
(303837, '2021-10-09', 3396, 911337, 35, 7777, 'CU'),
(303838, '2021-10-10', 3442, 914779, 35, 7812, 'CU'),
(303839, '2021-10-11', 3604, 918383, 39, 7851, 'CU'),
(303840, '2021-10-12', 2945, 921328, 40, 7891, 'CU'),
(303841, '2021-10-13', 2638, 923966, 37, 7928, 'CU'),
(303842, '2021-10-14', 2354, 926320, 28, 7956, 'CU'),
(303843, '2021-10-15', 2364, 928684, 38, 7994, 'CU'),
(303844, '2021-10-16', 2138, 930822, 24, 8018, 'CU'),
(303845, '2021-10-17', 1946, 932768, 19, 8037, 'CU'),
(303846, '2021-10-18', 2197, 934965, 21, 8058, 'CU'),
(303847, '2021-10-19', 1844, 936809, 21, 8079, 'CU'),
(303848, '2021-10-20', 1768, 938577, 22, 8101, 'CU'),
(303849, '2021-10-21', 1550, 940127, 13, 8114, 'CU'),
(303850, '2021-10-22', 1435, 941562, 19, 8133, 'CU'),
(303851, '2021-10-23', 1476, 943038, 20, 8153, 'CU'),
(303852, '2021-10-24', 1393, 944431, 14, 8167, 'CU'),
(303853, '2021-10-25', 1319, 945750, 15, 8182, 'CU'),
(303854, '2021-10-26', 1210, 946960, 9, 8191, 'CU'),
(303855, '2021-10-27', 975, 947935, 10, 8201, 'CU'),
(303856, '2021-10-28', 912, 948847, 9, 8210, 'CU'),
(304456, '2021-08-24', 135, 14937, 1, 137, 'CW'),
(304457, '2021-08-25', 62, 14999, 2, 139, 'CW'),
(304458, '2021-08-26', 46, 15045, 1, 140, 'CW'),
(304459, '2021-08-27', 41, 15086, 2, 142, 'CW'),
(304460, '2021-08-28', 48, 15134, 0, 142, 'CW'),
(304461, '2021-08-29', 0, 15134, 0, 142, 'CW'),
(304462, '2021-08-30', 0, 15134, 0, 142, 'CW'),
(304463, '2021-08-31', 114, 15248, 1, 143, 'CW'),
(304464, '2021-09-01', 15, 15263, 0, 143, 'CW'),
(304465, '2021-09-02', 36, 15299, 1, 144, 'CW'),
(304466, '2021-09-03', 0, 15299, 0, 144, 'CW'),
(304467, '2021-09-04', 80, 15379, 3, 147, 'CW'),
(304468, '2021-09-05', 0, 15379, 0, 147, 'CW'),
(304469, '2021-09-06', 0, 15379, 0, 147, 'CW'),
(304470, '2021-09-07', 91, 15470, 2, 149, 'CW'),
(304471, '2021-09-08', 13, 15483, 0, 149, 'CW'),
(304472, '2021-09-09', 23, 15506, 0, 149, 'CW'),
(304473, '2021-09-10', 44, 15550, 2, 151, 'CW'),
(304474, '2021-09-11', 46, 15596, 2, 153, 'CW'),
(304475, '2021-09-12', 0, 15596, 0, 153, 'CW'),
(304476, '2021-09-13', 0, 15596, 0, 153, 'CW'),
(304477, '2021-09-14', 117, 15713, 1, 154, 'CW'),
(304478, '2021-09-15', 28, 15741, 1, 155, 'CW'),
(304479, '2021-09-16', 73, 15814, 0, 155, 'CW'),
(304480, '2021-09-17', 53, 15867, 0, 155, 'CW'),
(304481, '2021-09-18', 58, 15925, 0, 155, 'CW'),
(304482, '2021-09-19', 0, 15925, 0, 155, 'CW'),
(304483, '2021-09-20', 0, 15925, 0, 155, 'CW'),
(304484, '2021-09-21', 131, 16056, 3, 158, 'CW'),
(304485, '2021-09-22', 30, 16086, 0, 158, 'CW'),
(304486, '2021-09-23', 64, 16150, 0, 158, 'CW'),
(304487, '2021-09-24', 66, 16216, 0, 158, 'CW'),
(304488, '2021-09-25', 38, 16254, 0, 158, 'CW'),
(304489, '2021-09-26', 0, 16254, 0, 158, 'CW'),
(304490, '2021-09-27', 0, 16254, 0, 158, 'CW'),
(304491, '2021-09-28', 119, 16373, 2, 160, 'CW'),
(304492, '2021-09-29', 10, 16383, 1, 161, 'CW'),
(304493, '2021-09-30', 45, 16428, 1, 162, 'CW'),
(304494, '2021-10-01', 37, 16465, 0, 162, 'CW'),
(304495, '2021-10-02', 35, 16500, 1, 163, 'CW'),
(304496, '2021-10-03', 0, 16500, 0, 163, 'CW'),
(304497, '2021-10-04', 0, 16500, 0, 163, 'CW'),
(304498, '2021-10-05', 109, 16609, 1, 164, 'CW'),
(304499, '2021-10-06', 9, 16618, 1, 165, 'CW'),
(304500, '2021-10-07', 32, 16650, 0, 165, 'CW'),
(304501, '2021-10-08', 34, 16684, 3, 168, 'CW'),
(304502, '2021-10-09', 20, 16704, 0, 168, 'CW'),
(304503, '2021-10-10', 0, 16704, 0, 168, 'CW'),
(304504, '2021-10-11', 0, 16704, 0, 168, 'CW'),
(304505, '2021-10-12', 83, 16787, 0, 168, 'CW'),
(304506, '2021-10-13', 17, 16804, 0, 168, 'CW'),
(304507, '2021-10-14', 33, 16837, 1, 169, 'CW'),
(304508, '2021-10-15', 29, 16866, 0, 169, 'CW'),
(304509, '2021-10-16', 19, 16885, 0, 169, 'CW'),
(304510, '2021-10-17', 0, 16885, 0, 169, 'CW'),
(304511, '2021-10-18', 0, 16885, 0, 169, 'CW'),
(304512, '2021-10-19', 49, 16934, 2, 171, 'CW'),
(304513, '2021-10-20', 2, 16936, 1, 172, 'CW'),
(304514, '2021-10-21', 19, 16955, 0, 172, 'CW'),
(304515, '2021-10-22', 17, 16972, 0, 172, 'CW'),
(304516, '2021-10-23', 12, 16984, 0, 172, 'CW'),
(304517, '2021-10-24', 0, 16984, 0, 172, 'CW'),
(304518, '2021-10-25', 0, 16984, 0, 172, 'CW'),
(304519, '2021-10-26', 27, 17011, 1, 173, 'CW'),
(304520, '2021-10-27', 1, 17012, 0, 173, 'CW'),
(304521, '2021-10-28', 15, 17027, 0, 173, 'CW'),
(305160, '2021-10-02', 59, 120331, 2, 554, 'CY'),
(305161, '2021-10-03', 84, 120415, 0, 554, 'CY'),
(305162, '2021-10-04', 83, 120498, 0, 554, 'CY'),
(305163, '2021-10-05', 117, 120615, 1, 555, 'CY'),
(305164, '2021-10-06', 146, 120761, 1, 556, 'CY'),
(305165, '2021-10-07', 100, 120861, 1, 557, 'CY'),
(305166, '2021-10-08', 131, 120992, 0, 557, 'CY'),
(305167, '2021-10-09', 144, 121136, 0, 557, 'CY'),
(305168, '2021-10-10', 134, 121270, 0, 557, 'CY'),
(305169, '2021-10-11', 94, 121364, 1, 558, 'CY'),
(305170, '2021-10-12', 170, 121534, 1, 559, 'CY'),
(305171, '2021-10-13', 166, 121700, 0, 559, 'CY'),
(305172, '2021-10-14', 142, 121842, 0, 559, 'CY'),
(305173, '2021-10-15', 153, 121995, 0, 559, 'CY'),
(305174, '2021-10-16', 142, 122137, 0, 559, 'CY'),
(305175, '2021-10-17', 126, 122263, 2, 561, 'CY'),
(305176, '2021-10-18', 99, 122362, 1, 562, 'CY'),
(305177, '2021-10-19', 166, 122528, 2, 564, 'CY'),
(305178, '2021-10-20', 181, 122709, 0, 564, 'CY'),
(305179, '2021-10-21', 143, 122852, 2, 566, 'CY'),
(305180, '2021-10-22', 144, 122996, 0, 566, 'CY'),
(305181, '2021-10-23', 175, 123171, 1, 567, 'CY'),
(305182, '2021-10-24', 97, 123268, 1, 568, 'CY'),
(305183, '2021-10-25', 89, 123357, 0, 568, 'CY'),
(305184, '2021-10-26', 189, 123546, 2, 570, 'CY'),
(305185, '2021-10-27', 162, 123708, 0, 570, 'CY'),
(305186, '2021-10-28', 200, 123908, 1, 571, 'CY'),
(305822, '2021-09-29', 473, 1690880, 3, 30475, 'CZ'),
(305823, '2021-09-30', 733, 1691613, 5, 30480, 'CZ'),
(305824, '2021-10-01', 916, 1692529, 1, 30481, 'CZ'),
(305825, '2021-10-02', 825, 1693354, 1, 30482, 'CZ'),
(305826, '2021-10-03', 551, 1693905, 1, 30483, 'CZ'),
(305827, '2021-10-04', 317, 1694222, 4, 30487, 'CZ'),
(305828, '2021-10-05', 798, 1695020, 4, 30491, 'CZ'),
(305829, '2021-10-06', 1108, 1696128, 3, 30494, 'CZ'),
(305830, '2021-10-07', 1046, 1697174, 5, 30499, 'CZ'),
(305831, '2021-10-08', 987, 1698161, 3, 30502, 'CZ'),
(305832, '2021-10-09', 1017, 1699178, 4, 30506, 'CZ'),
(305833, '2021-10-10', 665, 1699843, 3, 30509, 'CZ'),
(305834, '2021-10-11', 336, 1700179, 4, 30513, 'CZ'),
(305835, '2021-10-12', 1342, 1701521, 5, 30518, 'CZ'),
(305836, '2021-10-13', 1507, 1703028, 7, 30525, 'CZ'),
(305837, '2021-10-14', 1499, 1704527, 6, 30531, 'CZ'),
(305838, '2021-10-15', 1537, 1706064, 6, 30537, 'CZ'),
(305839, '2021-10-16', 1781, 1707845, 10, 30547, 'CZ'),
(305840, '2021-10-17', 1158, 1709003, 8, 30555, 'CZ'),
(305841, '2021-10-18', 794, 1709797, 11, 30566, 'CZ'),
(305842, '2021-10-19', 2528, 1712325, 11, 30577, 'CZ'),
(305843, '2021-10-20', 3247, 1715572, 10, 30587, 'CZ'),
(305844, '2021-10-21', 3277, 1718849, 7, 30594, 'CZ'),
(305845, '2021-10-22', 3641, 1722490, 10, 30604, 'CZ'),
(305846, '2021-10-23', 4233, 1726723, 13, 30617, 'CZ'),
(305847, '2021-10-24', 2757, 1729480, 11, 30628, 'CZ'),
(305848, '2021-10-25', 1832, 1731312, 18, 30646, 'CZ'),
(305849, '2021-10-26', 4277, 1735589, 19, 30665, 'CZ'),
(305850, '2021-10-27', 6288, 1741877, 15, 30680, 'CZ'),
(305851, '2021-10-28', 5824, 1747701, 9, 30689, 'CZ');

--
-- Índices para tablas volcadas
--

--
-- Indices de la tabla `country`
--
ALTER TABLE `country`
  ADD PRIMARY KEY (`id_country`),
  ADD KEY `id_region_region` (`id_region_region`);

--
-- Indices de la tabla `region`
--
ALTER TABLE `region`
  ADD PRIMARY KEY (`id_region`);

--
-- Indices de la tabla `report`
--
ALTER TABLE `report`
  ADD PRIMARY KEY (`id_report`),
  ADD KEY `id_country_country` (`id_country_country`);

--
-- Restricciones para tablas volcadas
--

--
-- Filtros para la tabla `country`
--
ALTER TABLE `country`
  ADD CONSTRAINT `country_ibfk_1` FOREIGN KEY (`id_region_region`) REFERENCES `region` (`id_region`);

--
-- Filtros para la tabla `report`
--
ALTER TABLE `report`
  ADD CONSTRAINT `report_ibfk_1` FOREIGN KEY (`id_country_country`) REFERENCES `country` (`id_country`);
COMMIT;

/*!40101 SET CHARACTER_SET_CLIENT=@OLD_CHARACTER_SET_CLIENT */;
/*!40101 SET CHARACTER_SET_RESULTS=@OLD_CHARACTER_SET_RESULTS */;
/*!40101 SET COLLATION_CONNECTION=@OLD_COLLATION_CONNECTION */;
